,PREC_ID,DEM,REP,OTHER,W,B,I,M,O,P,U,A
0,0001,810,1234,955,2492,173,3,1,44,0,220,66
1,0003,882,1224,1203,2587,321,6,11,39,0,315,30
2,0007,653,809,711,1506,356,5,6,39,0,215,46
3,0008,1169,148,383,281,1204,2,9,21,0,169,14
4,001,1555,1026,1396,2533,773,21,25,153,0,448,24
5,0010,345,509,499,973,174,3,3,30,0,141,29
6,0011,750,1941,1454,3484,128,5,9,53,0,380,86
7,0012,233,953,580,1605,6,4,2,8,0,129,12
8,0013,795,2294,1615,3956,167,12,4,60,0,431,74
9,0014,456,1496,1005,2575,23,5,4,27,0,272,51
10,0015,681,1160,930,2106,305,7,3,25,0,265,60
11,0016,346,523,385,840,254,3,0,16,0,110,31
12,0017,346,995,566,1546,137,3,2,16,0,183,20
13,0018,365,789,548,1432,74,6,5,18,0,151,16
14,0019,366,1137,655,1913,25,0,5,18,0,175,22
15,002,2596,1255,2122,3712,1304,14,35,192,0,633,83
16,0020,522,1778,1084,2867,117,5,3,18,0,333,41
17,0021,531,1350,853,2437,22,1,1,23,0,225,25
18,0022,801,1865,1068,3084,173,8,3,42,0,373,51
19,0023,356,1646,876,2431,41,10,3,26,0,360,7
20,0024,1008,3087,1890,4914,105,5,5,66,0,846,44
21,0025,387,1888,905,2619,29,3,4,25,1,498,1
22,0026,339,836,485,1421,70,1,3,11,0,129,25
23,0027,566,1126,727,1970,180,6,3,8,0,246,6
24,0028,517,540,420,998,315,2,1,19,0,136,6
25,0029-A,204,497,428,980,37,0,3,8,0,88,13
26,0029-B,270,434,381,972,9,3,1,8,0,86,6
27,003,2709,599,1162,1228,2392,8,41,221,0,516,64
28,0031,846,423,658,1290,349,7,14,67,0,192,8
29,0034,637,523,754,1498,140,1,8,47,0,209,11
30,0035,588,342,506,995,197,4,7,60,0,167,6
31,0036,459,725,669,1611,38,0,2,32,0,148,22
32,0038,658,751,777,1701,176,6,6,77,0,178,42
33,0039,599,500,650,1277,215,9,12,65,0,147,24
34,004,2599,554,1186,1276,2133,18,34,324,0,475,79
35,0040,476,607,617,1383,108,1,3,49,0,135,21
36,0047-A,754,570,626,1389,376,5,9,26,0,132,13
37,0047-B,436,458,451,1040,155,3,3,23,0,113,8
38,0048,608,709,681,1692,109,3,2,48,0,131,13
39,005,2655,1532,1916,3055,1918,17,42,298,1,710,62
40,0051,922,1201,1202,2595,256,3,8,70,0,308,85
41,0052,378,526,442,1015,117,3,4,26,0,128,53
42,0053,494,888,807,1900,15,0,5,33,0,212,24
43,006,2586,1271,1566,2262,2201,19,50,224,0,577,90
44,0062,215,308,278,721,20,1,1,5,0,51,2
45,0064,170,299,294,702,2,1,2,4,0,49,3
46,0065,252,438,404,975,9,0,1,10,0,85,14
47,0066,542,820,656,1601,179,3,4,31,0,176,24
48,007,2370,1809,2172,3886,1476,15,38,238,0,655,43
49,0070,646,947,857,2147,54,5,4,44,0,177,19
50,008,2596,1517,2166,3296,1446,457,41,145,1,852,41
51,009,3051,1543,2635,4510,1524,27,30,156,1,856,125
52,01,10168,13066,10136,23456,5257,1000,118,482,1,2935,121
53,01 BUR,1089,1150,1058,2922,58,5,7,21,0,272,12
54,01-01,920,282,932,1435,191,2,30,42,0,408,26
55,01-02,1564,1628,2010,3800,364,9,38,106,0,817,68
56,01-03,673,630,725,1822,17,4,5,21,0,148,11
57,01-04,2266,2094,2780,4363,1207,20,36,206,0,1046,262
58,01-05,431,407,390,1070,31,0,1,16,0,105,5
59,01-06,1292,541,1304,2403,112,1,36,57,0,486,42
60,01-07,1728,1628,2070,3963,396,10,42,132,0,737,146
61,01-07A,238,27,70,63,202,2,7,16,0,36,9
62,01-08,1732,1435,1903,2704,1209,19,35,176,0,857,70
63,01-09,568,220,468,1084,23,0,8,18,0,112,11
64,01-10,1443,1365,1708,3392,424,9,18,110,1,509,53
65,01-11,2068,2695,2631,5383,751,18,40,166,0,813,223
66,01-12,747,507,842,1686,103,0,17,46,0,217,27
67,01-13,865,169,674,1234,243,1,12,35,0,169,14
68,01-14,1997,422,1536,2898,447,2,35,81,0,456,36
69,01-15,899,728,909,1970,155,3,15,63,0,282,48
70,01-16,3431,961,1780,2862,2329,147,40,104,1,617,72
71,01-17,361,387,407,984,28,1,5,12,0,104,21
72,01-18,1229,618,1131,1885,543,0,25,113,0,384,28
73,01-19,1527,84,612,220,1553,7,24,56,0,354,9
74,01-20,1820,244,1233,1285,1292,7,41,70,0,549,53
75,01-21,2134,689,2068,2305,1305,10,67,225,0,865,114
76,01-22,3116,135,1218,315,3272,18,49,138,0,637,40
77,01-23,2018,756,3443,3141,700,19,145,176,0,1861,175
78,01-25,534,42,328,147,529,2,16,20,0,186,4
79,01-26,1782,115,1440,729,1721,4,43,64,0,752,24
80,01-27,1272,257,1113,1614,422,10,31,79,0,446,40
81,01-28,2862,448,1867,2044,2068,10,53,119,0,837,46
82,01-29,838,814,857,2207,60,4,9,21,1,191,16
83,01-30,460,401,480,1179,21,2,2,16,0,107,14
84,01-31,1973,391,2241,1921,1146,19,79,222,1,1091,126
85,01-32,1346,440,1350,1725,582,9,39,172,0,541,68
86,01-33,758,460,645,1540,45,2,7,34,0,212,23
87,01-34,1391,72,955,351,1387,3,41,40,0,590,6
88,01-35,1873,94,786,289,1907,7,22,72,0,441,15
89,01-36,912,998,1063,2352,126,6,23,59,0,364,43
90,01-37,704,567,723,1629,119,2,6,42,0,175,21
91,01-38,1204,376,899,1254,606,7,25,132,0,386,69
92,01-39,1279,547,1163,1735,634,6,35,105,0,441,33
93,01-40,3397,211,1398,460,3498,13,49,185,0,769,32
94,01-41,1119,301,1169,1522,339,3,33,74,0,566,52
95,01-42,880,1005,1122,2379,227,4,20,92,0,227,58
96,01-43,1177,530,1072,1526,649,1,34,100,0,433,36
97,01-44,1859,765,1392,2320,875,7,41,161,0,567,45
98,01-45,723,415,784,1229,309,2,12,56,0,265,49
99,01-46,2048,305,1195,666,1848,13,46,207,0,693,75
100,01-47,730,737,811,1881,118,3,12,72,0,170,22
101,01-48,1078,322,1063,1651,316,7,19,89,1,338,42
102,01-49,1828,525,1839,1704,1084,6,68,174,0,1059,97
103,01-50,2317,146,891,340,2294,7,36,118,0,509,50
104,01-51,402,288,439,918,73,0,3,27,0,99,9
105,01.1,1278,189,894,1595,376,6,24,50,0,297,13
106,010,2799,1117,1925,3494,1634,19,27,150,0,449,68
107,0101,3422,1053,1324,2103,3163,8,21,100,0,391,13
108,0102,1870,545,481,1260,1411,8,14,40,0,159,4
109,0103,1246,529,382,1140,877,0,1,26,0,110,3
110,0104,1290,449,394,991,992,7,8,13,0,121,1
111,011,5814,5462,6829,11659,3179,43,165,460,0,2294,305
112,012,2855,3346,2884,5863,2032,16,48,143,0,923,60
113,013,4059,3926,4201,7504,2575,26,94,276,0,1553,158
114,014,3970,2044,2987,4862,2677,33,70,190,1,1049,119
115,015,3779,3575,4798,8666,1138,34,85,323,2,1690,214
116,016,3783,2271,2483,3909,3272,18,60,183,1,1022,72
117,017,1481,163,749,506,1482,4,41,61,0,267,32
118,017A,662,1331,1163,2320,278,7,19,97,0,403,32
119,017B,904,2077,1882,3537,378,14,25,154,0,577,178
120,018,885,2167,1840,4028,107,16,14,92,0,538,97
121,019,1766,3350,2900,6165,628,10,38,194,2,869,110
122,02,16834,18446,18345,34594,8549,2192,377,1293,4,5969,647
123,02 CAN,394,544,504,1289,2,0,2,5,0,140,4
124,02-01,1867,2318,2499,4776,711,10,23,190,0,862,112
125,02-02,2878,3751,4294,7784,1246,26,61,339,0,1269,198
126,02-03,2559,3438,3671,6783,1288,14,46,277,0,1138,122
127,02-04,604,986,973,2084,91,4,15,73,0,232,64
128,02-05,1559,2053,2037,3942,764,15,26,161,0,639,102
129,02-06,2105,2054,2438,4133,1263,8,33,236,1,829,94
130,02-07,895,1439,1239,2558,390,7,12,57,0,493,56
131,02-08,2289,2131,2969,4144,1396,20,52,267,0,1159,351
132,02-09,2394,1923,3309,3756,1515,50,59,327,0,1346,573
133,02-25,1619,574,849,1092,1294,352,8,17,0,262,17
134,02.1,1933,147,1253,2198,598,3,34,64,2,420,14
135,020,749,681,1088,2168,54,3,8,48,0,193,44
136,0200A,937,916,824,1753,645,11,8,77,0,177,6
137,0200B,1140,495,547,947,1027,2,4,55,0,146,1
138,0201,684,265,162,510,522,0,2,8,0,69,0
139,020A,1504,2199,2200,4037,607,13,22,161,0,983,80
140,020B,859,2133,1835,3911,208,10,23,115,0,479,81
141,021,1942,3658,3071,7112,540,24,36,137,0,772,50
142,0212,561,984,813,1825,219,8,7,25,0,222,52
143,022,3954,3721,5027,8437,1872,21,68,260,0,1833,211
144,023,2006,1155,1520,2397,1583,11,39,143,0,471,37
145,024,2389,1464,1739,2834,1987,9,44,126,0,559,33
146,025,2579,963,1236,1608,2532,12,36,91,0,484,15
147,026,2978,1173,1499,1997,2764,22,38,195,0,572,62
148,027,2319,1056,1338,1814,2210,14,42,131,1,478,23
149,028,1424,238,821,837,1214,13,33,84,0,269,33
150,028A,1050,2306,2203,3844,400,22,27,218,0,699,349
151,028B,701,1670,1805,2943,166,26,15,165,0,543,318
152,028C,653,1592,1557,2832,211,14,13,106,0,452,174
153,028D,1087,1882,2092,3507,428,11,20,218,0,670,207
154,029,1069,292,855,1298,532,4,15,88,0,252,27
155,029A,1505,1583,1840,3020,714,3,58,308,0,739,86
156,029B,397,685,617,1257,154,5,12,53,0,192,26
157,029C,572,1086,932,1895,208,5,14,71,0,353,44
158,03,12287,14450,12622,28488,5105,638,164,675,1,3892,396
159,03 EGY,161,192,192,492,0,1,3,2,0,47,0
160,03-00,3060,4338,5247,8956,1060,31,71,361,0,1660,506
161,03.1,1307,100,1026,1934,145,3,26,41,1,274,9
162,030,3017,2323,3347,5887,1118,16,65,340,1,1125,135
163,0301,2667,720,1043,1449,2426,6,33,215,0,295,6
164,031,3672,2269,2619,3958,3220,16,61,251,0,988,66
165,032,1972,3741,2704,6521,773,12,25,149,0,865,72
166,033,2865,2028,2449,4174,1919,17,55,235,0,875,67
167,034,2796,3153,2999,5929,1580,28,61,273,0,992,85
168,035,2404,2948,3145,6488,737,12,59,152,0,940,109
169,036,1374,1787,1592,3796,474,8,15,89,0,337,34
170,037,703,740,1031,1980,91,2,17,51,0,286,47
171,037A,1421,2059,2105,3669,612,18,30,228,1,883,144
172,037B,238,774,498,1243,60,3,5,27,0,150,22
173,038,1035,453,1012,1486,525,4,26,102,1,320,36
174,038A,1091,1371,1345,2345,512,10,19,256,0,617,48
175,038B,533,1017,951,1807,182,11,14,85,0,375,27
176,039,2563,1420,1430,2108,2468,13,34,145,0,582,63
177,03A,1411,2275,1781,4774,124,4,7,48,0,505,5
178,03C,629,974,693,1871,156,2,10,52,0,171,34
179,03N,1111,1068,1125,2600,262,2,32,54,0,307,47
180,03N2,257,234,242,682,11,0,0,2,0,37,1
181,03S,2256,2149,2452,4269,1158,16,53,220,0,978,163
182,03W,776,1136,1012,2220,282,12,14,50,0,321,25
183,04,13822,21857,16530,38705,5127,2142,185,851,1,4974,224
184,04 RAM,85,127,124,298,0,2,1,0,0,34,1
185,04-01,2086,1351,1962,3354,1106,13,33,159,0,654,80
186,04-02,1017,618,1216,2008,241,4,27,164,0,328,79
187,04-03,1931,1397,1877,3129,1077,9,43,197,1,675,74
188,04-04,786,378,777,1154,318,1,23,108,0,284,53
189,04-05,1317,854,1727,2640,232,8,17,246,0,412,343
190,04-06,1032,787,1350,2526,129,4,29,108,1,288,84
191,04-07,712,1087,1103,2500,48,1,16,87,0,188,62
192,04-08,1522,1068,1850,2623,715,19,31,202,0,628,222
193,04-09,1671,2255,2461,4260,724,20,35,229,1,801,317
194,04-10,898,661,1378,2162,144,2,11,131,1,335,151
195,04-11,1886,1242,1873,2843,1057,15,44,234,1,697,110
196,04-12,3027,1924,2938,4623,1750,10,61,284,2,1006,153
197,04-13,2949,3307,4241,7092,1066,28,67,480,1,1084,679
198,04-14,606,434,750,1450,67,2,13,55,0,177,26
199,04-15,928,588,1235,1993,229,7,15,116,0,302,89
200,04-16,789,460,1011,1770,101,5,12,69,0,251,52
201,04-17,713,392,930,1398,168,7,20,86,0,298,58
202,04-18,1078,609,1499,2071,268,4,25,149,0,484,185
203,04-19,568,446,950,1507,73,3,19,118,0,151,93
204,04-20,1251,672,1501,2186,388,7,29,189,0,453,172
205,04-21,861,344,1021,1090,432,4,27,161,0,421,91
206,04.1,771,118,591,1257,45,0,8,17,0,145,8
207,040,2853,1829,2250,3317,2414,20,45,190,0,752,194
208,0401,1251,394,371,829,1052,6,9,25,0,94,1
209,041,2639,2173,2431,3489,2273,31,47,207,0,861,335
210,042,4174,1978,2406,3413,3642,27,59,290,1,1064,62
211,043,3924,1202,2242,2387,3344,24,65,427,1,1033,87
212,044,755,336,779,1413,203,3,13,42,1,163,32
213,045,1058,322,819,902,611,8,22,175,0,318,163
214,046,1468,364,1298,1686,813,6,37,108,0,428,52
215,047,949,947,1252,2513,270,6,18,65,0,231,45
216,048,454,845,797,1861,38,6,3,35,0,121,32
217,049,886,871,1196,2300,213,4,17,70,1,312,36
218,04A,3256,5274,5123,10652,978,22,43,166,1,1727,64
219,04B2,1752,2576,2880,5549,593,19,21,93,0,889,44
220,05,11937,14256,14106,27714,5389,199,402,759,3,4610,1223
221,05 GRE,156,178,118,425,0,1,1,0,0,24,1
222,05-00,506,1394,874,2273,152,5,10,34,0,280,20
223,05-01,1489,1040,2092,2821,512,13,35,235,0,697,308
224,05-03,1321,1169,2150,2827,360,8,44,274,0,611,516
225,05-05,3303,1656,3424,4035,1745,33,63,389,0,1685,433
226,05-06,1495,1278,2676,3431,184,15,33,386,0,546,854
227,05-07,2657,1069,4107,2947,809,43,68,697,0,1237,2032
228,05-08,1581,583,2048,1680,531,27,33,306,0,791,844
229,05-10,810,443,623,894,589,187,7,18,0,175,6
230,05.1,1269,362,1038,2386,27,3,15,35,1,186,16
231,050,859,495,980,1634,300,4,19,110,0,244,23
232,0501,805,622,417,1087,580,2,4,42,0,128,1
233,0506,262,712,418,1232,48,4,3,4,0,100,1
234,051,1858,1997,2314,4684,586,14,28,160,0,599,98
235,052,2412,637,1071,1345,2308,4,27,74,0,336,26
236,053,3129,1416,1915,2499,2922,16,48,197,0,674,104
237,054,2976,1280,1813,2737,2515,13,50,113,1,596,44
238,055,2386,1627,1720,2987,1828,17,42,165,0,554,140
239,056,1431,75,495,121,1582,10,17,43,1,194,33
240,057,745,757,890,1869,200,7,14,56,0,209,37
241,058,833,706,1176,1881,289,8,22,141,0,290,84
242,059,555,403,583,1145,141,6,7,81,0,128,33
243,05A,3875,3569,2903,6335,2167,602,31,196,0,993,23
244,06,7719,8745,8303,17667,3770,78,168,431,1,2457,195
245,06 JAC,512,492,437,1304,8,3,1,9,0,115,1
246,06-00,269,1163,618,1837,26,4,4,21,0,147,11
247,06-04,1476,1166,1984,3089,581,15,22,185,0,632,102
248,06-05,746,1310,1376,2864,194,5,11,51,0,274,33
249,06-06,1951,2014,3015,5061,590,16,58,267,0,768,220
250,06-07,1146,1032,1647,2572,445,0,28,190,0,418,172
251,06-08,847,599,979,1586,423,6,15,86,0,264,45
252,06-09,1887,2608,3424,6075,460,24,50,234,0,901,175
253,06-10,1106,1367,1800,3048,455,15,28,161,0,446,120
254,06-89,1145,756,1075,1761,637,237,10,33,2,286,10
255,06.1,735,201,542,1195,74,3,19,43,0,139,5
256,060,1526,86,432,163,1579,6,20,82,0,184,10
257,0601,1726,2167,1818,4091,1123,8,14,108,0,348,19
258,061,2168,1286,1613,2832,1273,11,36,229,0,586,100
259,062,1883,1104,1408,2004,1446,16,38,214,1,535,141
260,063,3564,2495,2897,4541,2522,23,86,475,0,1143,166
261,064,2226,2319,2458,4675,1075,19,50,213,0,838,133
262,065,1545,2111,1965,4294,559,12,27,155,1,496,77
263,066,1112,1550,1581,3261,340,12,29,119,0,432,50
264,067,1081,1284,1359,2770,402,5,13,89,1,416,28
265,068,1629,1659,1825,3220,1062,14,37,131,1,602,46
266,069,1113,1660,1715,3611,235,8,13,119,0,372,130
267,06A,1025,1657,1408,3481,136,1,6,40,0,420,6
268,06B,1545,1227,1702,2013,1419,54,50,351,3,519,65
269,06E,923,636,749,1329,599,15,20,57,0,273,15
270,06N,1212,421,749,961,917,12,21,112,0,349,10
271,06S,1059,1022,996,1961,618,2,26,70,0,367,33
272,06W,473,263,363,569,302,0,8,70,0,142,8
273,07,12548,12791,12318,25882,6253,618,220,627,2,3727,328
274,07 BRU,122,128,148,352,0,1,1,3,0,41,0
275,07-00,138,689,358,1053,5,2,0,9,0,109,7
276,07-01,837,366,762,1234,342,2,27,79,0,256,25
277,07-02,636,487,662,1268,207,4,14,59,0,194,39
278,07-03,596,423,666,1371,111,2,10,25,0,148,18
279,07-04,1845,815,1885,2939,750,9,33,147,0,615,52
280,07-05,778,480,749,1415,292,2,10,60,0,212,16
281,07-06,1235,1145,1498,3154,209,4,17,85,0,349,60
282,07-07,1290,970,1635,2842,375,1,21,144,0,442,70
283,07-07A,306,190,141,611,3,0,2,2,0,17,2
284,07-09,1373,802,1541,2470,449,12,37,110,0,551,87
285,07-10,2241,1185,2394,3679,829,16,40,215,0,906,135
286,07-11,426,321,470,1050,37,1,4,32,0,79,14
287,07-12,1299,642,1163,2024,497,6,19,95,0,424,39
288,07-13,934,568,903,1611,364,2,16,64,0,308,40
289,07.1,1007,132,767,1519,142,4,11,39,1,182,8
290,070,540,848,961,2117,39,2,5,36,0,123,27
291,0701,1800,961,885,1806,1490,12,8,73,0,221,36
292,071,1329,2300,2207,4691,385,3,25,101,0,551,80
293,072,1992,2797,2773,5744,633,9,31,247,0,770,128
294,073,1163,2120,1686,4130,256,10,19,91,0,434,29
295,074,1893,2350,2623,5080,630,8,55,176,0,738,179
296,075,991,1724,1621,3737,141,9,18,86,0,288,57
297,076,908,944,1223,2544,149,5,14,65,0,262,36
298,077,1877,167,662,336,1818,12,17,167,0,332,24
299,078.1,1396,395,1058,1068,1090,12,39,145,0,429,66
300,079,1291,338,680,584,1148,9,20,137,0,282,129
301,08,11242,12424,11735,24969,5783,286,162,638,1,3290,272
302,08 CRA,724,1023,713,2285,2,2,5,8,0,156,2
303,08-00,648,2080,1354,3529,153,5,6,24,0,360,5
304,08-02,1424,1069,1868,3240,409,5,37,111,0,473,86
305,08-03,2158,1338,2528,3575,992,24,37,236,1,959,200
306,08-04,495,616,713,1566,46,4,12,39,0,135,22
307,08-05,677,665,889,1806,127,2,15,52,0,187,42
308,08-06,1103,380,1076,1331,580,4,23,89,0,502,30
309,08-07,659,947,1106,2256,93,4,20,74,1,197,67
310,08-08,1254,1277,1959,3471,258,9,28,133,1,469,121
311,08-09,801,451,909,1456,256,2,13,78,0,307,49
312,08-10,1098,746,1295,2024,429,10,40,123,0,411,102
313,08-11,1476,972,1909,2687,483,15,39,232,0,596,305
314,08.2,1366,359,1095,1702,631,10,30,74,2,351,20
315,08.3,1301,391,979,1711,583,8,19,66,0,266,18
316,080,2197,468,1152,961,2051,8,41,190,0,447,119
317,0800A,1089,660,538,1204,887,0,3,41,0,149,3
318,0800B,982,455,471,983,756,1,6,41,0,119,2
319,0801,666,449,314,851,435,0,5,33,0,105,0
320,081,4625,1210,2349,2314,4268,17,74,336,1,999,175
321,082,4603,1523,2386,2608,4283,23,73,365,2,1088,70
322,083,3122,1173,1807,2192,2652,20,57,359,1,710,111
323,084,1556,220,794,594,1339,11,31,166,0,359,70
324,085,1164,669,1031,1848,580,8,28,115,0,246,39
325,086,440,950,803,1977,34,2,4,35,0,114,27
326,087,1123,791,1276,2088,443,20,28,191,1,358,61
327,088,985,823,1237,2021,391,7,25,153,0,403,45
328,089,3597,1114,2074,2261,3332,13,57,261,0,763,98
329,08N,782,1095,929,2184,201,4,11,71,0,322,13
330,08S,332,651,503,1224,72,3,6,18,0,160,3
331,09,10040,13297,10839,25896,4058,333,132,614,1,2962,180
332,09 SOU,663,652,569,1700,2,3,5,9,0,163,2
333,09-00,361,1407,898,2256,78,3,7,28,0,281,13
334,09-01,1058,848,832,1591,750,8,16,66,0,295,12
335,09-02,1980,809,1196,1664,1524,16,40,163,0,542,36
336,09-03,1473,1261,1334,2322,1019,6,27,93,1,578,22
337,09.1,1839,585,1732,2983,425,8,31,106,0,568,35
338,090,507,518,732,1370,126,5,14,63,0,148,31
339,0901,729,692,419,1290,393,4,6,20,0,119,8
340,091,1641,2777,2713,5570,435,21,28,181,0,656,240
341,092,1172,1994,1841,3964,365,11,23,121,0,441,82
342,093,450,782,703,1531,94,7,9,82,0,172,40
343,094,1127,395,714,779,875,17,21,154,0,296,94
344,095,1336,214,662,486,1246,4,16,153,1,273,33
345,096,774,579,854,1543,308,1,15,71,0,227,42
346,097,914,179,602,548,795,7,20,92,2,209,22
347,098,1835,232,891,496,1604,9,33,281,0,477,58
348,099,1480,230,860,547,1456,2,18,131,0,396,20
349,09A,759,1577,1072,2965,97,5,7,31,0,297,6
350,09N,781,798,768,1523,444,5,10,40,0,302,23
351,09S,1357,1616,1520,3260,460,14,29,123,1,565,41
352,1,1996,612,930,1564,1679,3,16,30,0,240,6
353,10,7502,9843,7720,17093,4338,296,130,483,0,2597,128
354,10 PEN,134,221,196,506,1,0,2,3,0,38,1
355,10-00,1141,2684,1842,4124,471,15,14,74,1,948,20
356,10-01,409,564,415,992,210,2,7,25,0,141,11
357,10-02,1843,1168,1470,2171,1372,16,32,188,1,654,47
358,10-03,1321,784,990,1610,879,8,28,121,0,424,25
359,10-04,3811,2144,3105,4395,2844,24,84,328,0,1266,119
360,10.1,948,72,454,640,639,4,13,33,0,139,6
361,100,863,908,1291,2296,219,7,22,136,0,290,92
362,1001,2277,1444,1124,2741,1681,8,16,85,0,312,2
363,101,1755,1820,1893,3816,887,9,23,155,1,516,61
364,102,2812,1606,2301,3207,1998,16,50,408,1,868,171
365,103,1829,2673,2671,5701,440,19,33,182,0,684,114
366,104,3390,1522,2124,2929,2816,17,57,256,0,843,118
367,105,2883,1179,2062,2313,2342,11,77,231,1,1011,138
368,106,726,1086,970,2407,122,2,8,28,0,177,38
369,107,417,1567,635,2313,10,2,5,23,0,266,0
370,107.1,2451,400,1287,898,2366,14,46,223,1,490,100
371,108,1964,827,1291,1525,1680,6,36,249,0,517,69
372,109,1415,957,1609,3165,209,8,28,79,0,432,60
373,10A,1117,2527,2031,4744,262,13,10,43,0,594,9
374,10B,1060,2702,2473,5831,46,2,3,20,0,311,22
375,10N,1061,1229,1206,2479,451,6,17,73,1,446,23
376,10S1,2226,1612,2066,3329,1341,14,43,147,0,978,52
377,11,13062,16014,13483,31177,6234,486,144,723,2,3593,200
378,11 PRI,288,550,369,1107,1,2,2,2,0,91,2
379,11-01,4477,2878,4800,6722,2327,36,112,447,0,2351,160
380,11-02,2626,2645,3208,6249,751,10,59,224,0,1067,119
381,11.1,934,142,792,1148,366,16,27,33,0,273,5
382,110,404,512,585,1230,96,1,3,35,1,117,18
383,1101,1013,660,535,1288,733,6,10,41,0,129,1
384,1102A,1030,1149,1044,2274,590,10,17,73,0,238,21
385,1102B,1065,1500,1340,2863,623,10,15,113,0,264,17
386,111,1547,2991,2330,5703,383,10,21,109,2,596,44
387,112,1702,3350,2534,5932,610,15,45,162,0,725,97
388,113,882,1335,1472,2927,230,6,30,115,0,267,114
389,113A,381,1066,569,1857,4,3,2,7,0,141,2
390,114,886,1427,1428,3183,147,3,18,82,0,290,18
391,115,950,306,667,697,688,9,14,212,0,270,33
392,115A,501,2121,957,3223,38,2,11,32,0,269,4
393,116,1036,214,508,353,996,6,20,120,0,228,35
394,117,1528,965,1139,1810,1233,9,29,101,0,412,38
395,118,1589,1736,1976,3926,529,10,35,184,0,515,102
396,119,1139,2627,1844,4867,151,10,14,75,0,452,41
397,11A,719,283,519,429,236,693,12,51,0,95,5
398,12,11834,12906,12563,24423,7182,423,294,1017,4,3702,258
399,12-01,1683,2520,2712,5290,542,10,43,164,0,792,74
400,12-02,1734,1598,2135,3478,917,17,45,206,1,752,51
401,12-03,651,771,741,1410,393,5,14,54,0,245,42
402,12-04,2240,3024,3097,5862,1077,21,46,210,1,1094,50
403,12-05,2573,3706,4405,8454,760,13,50,261,0,1008,138
404,12-06,1268,1640,1868,3425,555,12,31,125,0,600,28
405,12-07,873,1093,1298,2231,450,13,23,106,0,410,31
406,12-08,2388,1934,2526,4160,1343,18,46,271,0,931,79
407,12-09,2315,2981,3283,6084,1063,12,39,216,0,1077,88
408,12-11,607,525,674,1074,379,4,14,51,0,273,11
409,12-12,622,727,810,1371,393,6,17,54,0,306,12
410,12-13,2127,604,1309,1356,1870,5,43,170,0,585,11
411,12-14,919,917,1069,1962,487,3,17,52,0,369,15
412,12.1,1240,137,1021,1953,81,4,13,58,0,276,13
413,120,1772,1275,1446,2276,1343,15,41,225,0,528,65
414,1201,5005,1189,1656,2062,4819,13,48,216,0,680,12
415,1202,1583,77,267,92,1667,3,11,16,0,130,8
416,1203,1628,788,560,1286,1400,4,13,55,0,216,2
417,1204,1390,55,209,62,1461,3,8,8,0,111,1
418,1205,968,37,140,22,1026,5,2,18,0,72,0
419,121,1256,2735,2238,5180,276,20,22,141,1,452,137
420,1210,806,497,657,1006,604,9,22,54,0,249,16
421,122,5636,3295,4552,6518,4247,40,110,582,0,1661,325
422,123,2714,1739,2056,3341,1977,11,38,261,1,758,122
423,124,2525,1473,1730,2807,1957,11,41,208,0,630,74
424,125,1527,1332,1305,2581,886,5,28,174,0,415,75
425,126,2792,1512,1815,2825,2240,10,55,193,0,702,94
426,127,4163,3488,3990,7574,2386,20,70,299,2,1161,129
427,128,3125,2265,2405,4353,2216,11,66,221,2,843,83
428,129,1675,2022,1592,3621,831,6,35,168,1,570,57
429,12E,785,295,501,610,587,8,17,93,0,249,17
430,12N,2179,276,773,653,1966,13,34,141,0,417,4
431,12S,613,198,403,426,487,3,19,72,0,199,8
432,12W,760,571,698,1451,271,4,20,47,0,227,9
433,13,12595,13287,12707,25329,7150,436,204,911,2,4314,243
434,13-01,3459,708,2249,1794,2764,16,79,342,2,1237,182
435,13-02,664,614,880,1623,197,6,15,50,0,234,33
436,13-05,1283,378,968,996,934,8,29,92,0,534,36
437,13-06,1131,817,1298,2192,462,8,19,129,0,370,66
438,13-07,1365,419,945,994,944,8,33,165,0,458,127
439,13-08,1999,416,1157,929,1601,10,43,207,0,706,76
440,13-09,2679,641,1744,1428,2204,10,56,279,0,865,222
441,13-10,2019,1766,2548,4668,625,9,42,196,0,674,119
442,13-11,975,1092,1328,2645,273,2,26,80,0,312,57
443,13.1,1242,169,1031,1787,265,3,20,52,0,304,11
444,130,1054,289,670,657,757,6,18,146,0,272,157
445,1301,688,932,622,1725,347,5,6,30,0,124,5
446,131,1421,1986,1991,4310,429,11,24,106,1,444,73
447,132,2347,1890,2262,3907,1459,19,37,251,0,698,128
448,133,2612,4536,4458,9317,679,18,49,268,0,1086,189
449,134,2346,2208,3308,5440,1057,12,58,290,0,910,95
450,135,5211,533,2360,1275,5177,15,85,379,0,1077,96
451,136,622,1087,959,2240,102,14,6,54,0,216,36
452,137,1508,2350,2706,4387,458,34,23,342,0,684,636
453,138,2163,462,1313,1000,1857,9,40,278,1,638,115
454,139.1,1139,1242,1543,2686,380,13,28,177,0,431,209
455,14,11357,14734,13428,27719,5949,268,227,963,10,4160,223
456,14-01,192,350,320,677,49,4,1,9,0,114,8
457,14-02,1543,3074,2875,5918,422,19,35,171,0,803,124
458,14.2,1209,219,958,1673,309,4,16,62,1,305,16
459,14.3,614,201,679,1060,149,3,13,44,0,209,16
460,140,1831,2178,2633,4333,792,26,44,366,0,688,393
461,1401,280,462,231,725,138,0,5,9,0,94,2
462,1403A1,1260,1096,1002,2087,891,8,14,90,0,241,27
463,1403A2,1397,882,946,1782,1139,4,15,80,0,193,12
464,1403B,1948,1415,1466,2911,1374,11,22,124,0,333,54
465,141,1612,372,2022,1278,1265,14,130,151,0,1022,146
466,142,1869,2552,2889,5479,691,20,40,247,0,734,99
467,143,1473,2170,2551,4875,485,7,29,172,0,491,135
468,144,1043,1245,1559,2885,315,9,14,151,1,337,135
469,145,4584,2262,3944,5401,3416,25,75,409,0,1169,295
470,146,2910,358,1484,883,2902,7,47,213,0,590,110
471,147,2387,450,1244,970,2079,11,38,281,0,612,90
472,148,3809,3367,5373,7135,1655,121,90,849,0,1441,1258
473,149,3615,568,1759,1181,3361,7,68,367,0,795,163
474,14A,779,2056,1338,3453,294,7,14,52,0,341,12
475,15,13777,14891,14127,28866,7740,227,235,1035,2,4397,293
476,15-01,1283,1581,1773,3293,581,12,23,119,0,573,36
477,15-02,1963,1973,2402,4159,1021,19,57,214,0,776,92
478,15-03,1363,2027,2030,4065,556,17,25,119,0,611,27
479,15-04,782,886,866,1786,398,3,15,72,0,235,25
480,15.1,1131,208,953,1928,40,3,21,44,0,245,11
481,150,1968,703,1252,1551,1682,11,36,144,0,452,47
482,1501,831,51,168,88,867,1,3,33,0,58,0
483,1503,1723,317,870,718,1642,4,21,65,0,422,38
484,1504A,1820,237,688,485,1865,5,25,51,0,289,25
485,1504B,2610,698,1380,1599,2323,15,45,141,0,513,52
486,1505A,1695,325,788,728,1692,5,19,68,0,269,27
487,1505B,2068,133,503,208,2220,0,18,49,0,200,9
488,1506,1051,286,748,781,845,3,21,62,0,357,16
489,1507,1254,633,1354,1652,799,5,35,70,0,645,35
490,1507B,343,363,808,750,167,5,35,35,0,506,16
491,1508A,404,547,885,1168,138,3,21,31,0,464,11
492,1508B,653,452,766,1123,281,6,30,52,0,364,15
493,1509,1701,961,1518,2336,1002,9,40,118,0,618,57
494,151,2875,660,1883,1717,2654,11,57,255,1,618,105
495,1510A,777,815,640,1726,273,0,11,50,0,150,22
496,1510B,965,762,900,1881,445,3,14,73,0,183,28
497,1511A,1124,1324,1102,2591,533,6,15,97,0,253,55
498,1511B,1412,949,1404,2071,985,6,39,112,0,507,45
499,1512A,2774,1367,1671,2636,2346,15,27,205,0,520,63
500,1512B,1220,506,775,1193,930,3,18,83,0,232,42
501,1513A,1168,1062,1169,2098,758,4,19,113,1,348,58
502,1513B,925,806,851,1654,570,7,20,95,0,208,28
503,16,9626,13491,11191,25078,4550,184,113,616,0,3525,242
504,16-01,1300,899,1242,1848,741,4,26,119,0,670,33
505,16-02,3186,538,1740,1487,2815,16,59,240,1,811,35
506,16-03,764,348,653,907,538,4,22,68,0,215,11
507,16-04,1162,796,1000,1863,689,9,18,60,0,306,13
508,16-05,1085,708,1035,1775,556,12,23,97,1,333,31
509,16-06,769,304,521,831,507,3,3,45,0,202,3
510,16-07,1413,878,1246,2333,712,11,33,91,0,326,31
511,16-09,2006,1023,1701,2223,1507,16,29,174,0,716,65
512,16-10,3343,414,1540,858,3238,9,53,250,1,825,63
513,16-11,2298,335,1128,657,2219,16,39,143,1,631,55
514,16.2,1554,301,1249,2361,186,7,35,97,0,392,26
515,1618,650,819,543,1395,420,1,17,13,0,160,6
516,16A,501,1300,834,2319,46,5,7,16,0,239,3
517,17,9928,11036,10291,20874,5714,304,159,655,1,3293,255
518,17-01,1605,464,995,1169,1099,10,30,177,0,484,95
519,17-02,684,454,647,966,422,2,24,58,0,288,25
520,17-03,3358,1179,2460,3031,2373,23,77,299,0,984,210
521,17-04,3752,1505,2615,3227,2913,12,73,355,0,1143,149
522,17-05,2157,647,1518,1592,1632,6,52,238,0,625,177
523,17-06,1002,686,800,1309,695,10,21,91,1,340,21
524,17-07,2567,335,1247,784,2282,8,45,245,0,688,97
525,17-09,2857,217,1262,488,2857,7,50,174,1,682,77
526,17-10,727,280,447,613,450,1,8,100,0,230,52
527,17-11,2462,655,1874,1482,1802,14,81,406,0,902,304
528,17-12,1913,550,1213,1228,1590,12,43,163,0,525,115
529,17-13,2612,1166,1948,2640,1984,13,66,188,0,740,95
530,17.1,779,159,683,1349,39,4,6,28,0,185,10
531,18,8981,9177,8620,16944,5673,68,153,609,1,3182,148
532,18-01,2376,764,2788,2778,1201,14,98,223,0,1431,183
533,18-02,1255,1784,2126,4279,176,6,27,150,0,421,106
534,18-03,807,679,1042,1934,105,0,9,128,0,243,109
535,18-04,1411,1368,1860,3344,409,11,35,203,1,477,159
536,18-05,1485,1644,2220,4379,139,7,26,204,0,381,213
537,18-06,1812,750,2174,2740,598,15,49,253,0,858,223
538,18-07,947,1336,1482,2963,277,13,20,105,1,327,59
539,18-08,1603,1124,2132,3244,430,10,34,247,1,704,189
540,18.2,1764,1277,2332,4346,156,9,23,124,0,628,87
541,1819,290,465,244,774,130,3,1,5,0,84,2
542,18A,780,300,515,857,388,148,10,61,0,101,30
543,19,11310,12015,11347,22137,6521,1015,168,691,2,3934,204
544,19-03,1049,1117,1354,2503,362,6,21,91,0,497,40
545,19-05,823,1439,1397,2863,236,2,16,96,0,391,55
546,19-07,1582,1634,1817,3125,987,7,29,145,0,673,67
547,19-09,1609,1802,1789,3458,934,13,32,122,0,575,66
548,19-11,1120,1115,1541,2670,410,12,20,115,0,498,51
549,19-12,2355,2357,3064,5208,1072,19,62,256,1,1008,150
550,19-13,948,633,1014,1486,525,7,34,113,0,360,70
551,19-14,1097,1047,1327,2039,612,9,33,163,0,449,166
552,19-15,963,1084,1223,2132,444,10,26,129,0,430,99
553,19-16,1136,841,997,1661,764,9,17,93,0,384,46
554,19-17,2591,1071,2170,2620,1943,16,70,289,1,776,117
555,19-18,1108,1032,1445,2281,570,9,30,147,0,465,83
556,19-19,1869,2461,2820,5230,837,11,33,172,0,771,96
557,19-20,1212,1157,1405,2430,643,9,21,156,0,422,93
558,19-21,2038,1360,2139,2861,1420,10,55,275,0,712,204
559,19.1,697,378,788,1332,169,5,9,40,1,294,13
560,1920,2145,191,758,308,2358,3,27,67,0,325,6
561,19A,778,2084,1342,3207,313,4,7,70,1,587,15
562,1AL A,166,178,137,354,88,2,2,3,0,30,2
563,1GB,237,411,286,788,64,4,5,4,0,66,3
564,1RB,347,614,413,1076,151,2,2,8,0,132,3
565,2,2313,1350,1606,3427,1374,6,17,53,1,365,26
566,20,6730,10762,8994,21222,1887,152,109,332,0,2651,133
567,20-01,1416,1001,1788,2607,587,9,38,228,0,549,187
568,20-03,1324,1321,2053,3567,219,11,26,136,1,602,136
569,20-04,1044,834,1983,2418,146,13,30,271,0,417,566
570,20-05,1204,1358,2023,3477,208,14,23,176,0,483,204
571,20-06A,1825,1305,2420,3669,667,5,43,228,1,710,227
572,20-06B,987,1068,1794,3228,94,6,13,101,0,342,65
573,20-08,1527,1333,2360,3672,342,4,32,248,0,578,344
574,20-09,802,785,1326,2382,127,5,21,86,0,217,75
575,20-10,936,763,1758,2309,111,10,22,225,0,339,441
576,20-11,1609,1491,2627,4089,284,9,27,260,0,751,307
577,20-12,1573,1429,2765,3444,315,37,37,343,0,913,678
578,20-14,1973,1373,3864,3521,347,41,58,608,1,851,1783
579,20-15,1690,814,2454,2167,653,25,33,331,0,970,779
580,20-16,1722,758,2249,2012,799,17,32,311,0,965,593
581,20-17,1355,1023,2486,2749,278,20,35,315,0,599,868
582,20.1,560,116,473,849,111,4,12,24,1,136,12
583,200,955,834,973,1585,537,6,24,154,0,395,61
584,201,7108,2046,4109,4627,6032,28,103,605,2,1729,137
585,202,2617,3173,3872,7287,898,17,55,253,0,1030,122
586,203,5619,792,2677,1688,5507,18,71,521,0,1173,110
587,204,1210,94,454,315,1141,5,18,60,0,213,6
588,204.1,3392,513,1696,1070,3275,12,66,351,0,696,131
589,205,2759,690,1506,1419,2525,12,52,251,0,606,90
590,206,4178,1850,3673,6150,1761,21,106,219,2,1292,150
591,207,3146,2308,3145,5118,1974,24,58,362,1,970,92
592,208,1000,2182,2101,4546,148,1,18,95,0,411,64
593,209,1586,1607,2048,3700,822,13,31,160,1,456,58
594,21,6609,7985,7450,15824,3298,180,110,401,0,2152,79
595,21.1,1294,463,1008,2124,323,5,19,55,0,212,27
596,210,4623,408,1602,827,4752,11,56,240,0,664,83
597,211,6189,1226,3528,2993,5692,24,124,500,0,1443,167
598,212,6895,1200,4173,2769,6269,47,144,672,0,1823,544
599,213,3805,405,1436,787,3810,16,54,267,0,611,101
600,214,2041,551,1240,1388,1796,13,34,147,0,402,52
601,215,1072,1195,1474,2649,408,6,37,129,1,378,133
602,216,1733,1450,1813,3109,869,16,38,264,0,534,166
603,217,1026,836,1158,1970,480,5,14,114,0,388,49
604,218,707,1026,1035,2134,230,8,8,78,0,263,47
605,219,783,1003,906,1795,433,14,13,76,0,293,68
606,22,8855,7389,7566,12772,5382,1794,153,520,1,2979,209
607,22.2,1151,318,886,2105,22,2,10,30,1,171,14
608,220,834,1309,1155,2475,379,3,16,91,0,282,52
609,221,1081,2060,1624,3672,390,15,19,116,0,488,65
610,222,4617,875,2017,1742,4362,15,78,299,1,868,144
611,223.1,3710,1587,2734,3471,3201,15,69,288,0,895,92
612,224,1646,807,1161,1616,1250,5,29,162,1,436,115
613,225,971,760,1059,1929,407,7,17,103,0,266,61
614,226,1285,1211,1628,2801,501,13,15,206,0,487,101
615,227,2066,2283,3016,4911,729,19,26,314,0,958,408
616,228,2501,783,1751,1743,1880,8,46,401,0,760,197
617,229,4866,3335,4623,6866,3361,25,98,606,2,1464,402
618,23,10930,10174,10171,18333,5829,2632,165,611,2,3355,348
619,23.2,226,102,209,472,4,1,1,6,0,47,6
620,23.3,408,158,271,758,12,1,4,7,0,53,2
621,230,5169,1787,3777,3834,3988,57,96,754,1,1430,573
622,231,2177,1342,2099,3096,1124,23,43,382,0,696,254
623,232,1476,1669,2203,3731,503,26,36,259,1,552,240
624,233,1016,1764,1746,3854,116,4,18,95,0,329,110
625,234,1418,1025,1374,2091,852,13,21,236,0,536,68
626,235,1588,982,1267,1897,1166,9,29,183,0,476,77
627,236,1308,2164,1785,3732,654,15,14,147,0,628,67
628,237,2610,500,1607,1132,2454,11,57,295,0,655,113
629,238.1,1499,583,1158,1589,1122,5,24,130,0,304,66
630,239,1996,585,1283,1323,1767,10,36,175,0,432,121
631,24,5656,7460,6062,13747,1975,801,81,395,0,1933,246
632,24.1,957,564,1060,2073,134,3,15,78,1,259,18
633,240,1542,2508,2749,5377,410,6,38,175,0,725,68
634,241,2795,2552,3368,5493,1650,22,57,276,1,986,230
635,242,487,1626,1268,2915,66,9,14,68,0,264,45
636,243,4987,2415,4234,5369,3626,30,92,720,0,1428,371
637,25,4202,5632,5242,10640,1324,998,74,363,2,1544,131
638,25.1,1070,395,1012,1959,150,5,21,58,1,263,20
639,2530,1612,942,781,1610,1344,7,8,105,0,256,5
640,26,3652,5856,4749,10622,1659,30,51,366,0,1438,91
641,26.1,899,236,873,1547,97,5,24,50,0,271,14
642,26A,2089,345,725,713,1442,595,20,186,0,193,10
643,27,5615,7656,6545,14795,2163,26,67,420,1,1995,349
644,27.2,386,90,354,751,4,1,3,14,0,55,2
645,28,6616,8590,7903,15522,3184,729,101,956,0,2373,244
646,28.1,1183,134,1069,1778,85,5,36,53,2,399,28
647,29,7637,8084,7076,15030,4288,299,109,557,1,2341,172
648,29.2,1258,651,1269,2491,183,5,15,59,0,406,19
649,2OT,583,723,655,1617,150,4,3,17,0,163,7
650,2SW,157,148,110,288,89,1,3,4,0,30,0
651,3,1848,1716,1894,3887,974,15,16,56,1,498,11
652,30,7305,7517,7245,13978,3233,1542,106,684,0,2321,203
653,30-1,5234,1321,3498,3696,3804,25,106,342,1,1779,300
654,30-2,4816,617,2158,1657,4406,11,101,230,0,1120,66
655,30.2,877,893,1294,2359,125,5,14,70,2,457,32
656,30.3,852,965,1283,2510,104,4,18,66,0,338,60
657,301,796,34,282,34,913,1,7,29,0,127,1
658,302,928,48,328,80,1043,2,11,36,0,129,3
659,303,663,25,241,25,753,1,6,21,0,123,0
660,304,1658,50,376,51,1841,2,17,25,0,145,3
661,305,1130,45,290,62,1240,3,7,35,0,113,5
662,306,1028,147,525,294,1000,8,17,115,0,262,4
663,31,5461,6991,6246,12845,2739,32,85,410,1,2388,198
664,31.1,377,444,456,1170,4,1,1,13,0,83,5
665,32,4689,6166,6187,12249,1631,24,59,430,1,2323,325
666,32.1,661,651,819,1879,40,4,10,29,0,162,7
667,32A,2114,1021,1304,2006,1380,399,32,302,1,310,9
668,33,6541,5717,7338,10818,3570,356,145,605,4,3403,695
669,33.2,520,348,513,1207,31,2,4,19,0,110,8
670,33.3,707,511,778,1688,82,2,10,27,0,186,1
671,34,3833,5320,4716,9274,1604,1128,61,302,1,1306,193
672,34-1,1964,224,1015,1095,1479,7,37,99,0,418,68
673,34-2,3703,288,1762,1281,3140,10,83,178,0,831,230
674,34.1,487,245,457,1053,15,0,4,13,0,101,3
675,35,2733,2635,2692,4288,897,1795,26,186,0,769,99
676,35.1,809,369,638,1489,119,3,9,19,2,159,16
677,35.3,4679,1201,3676,5098,2267,30,120,344,0,1178,519
678,36,5382,3710,4526,8329,3061,206,85,332,1,1461,143
679,36.1,648,567,799,1746,38,6,7,26,1,182,8
680,37,4019,2828,3866,7704,1278,64,64,313,0,1110,180
681,37.1,392,456,671,1342,3,0,6,20,0,144,4
682,38,7364,4475,6068,10253,4161,271,138,464,4,2262,354
683,38.2,428,686,780,1646,11,0,10,25,1,189,12
684,38.3,879,1159,1347,2908,66,10,14,62,0,304,21
685,39,3940,4662,4215,8892,1299,967,65,220,1,1233,140
686,39.2,507,443,677,1407,19,2,12,34,0,149,4
687,39.3,804,821,1102,2392,22,3,9,38,0,256,7
688,3BY,607,370,305,702,458,3,4,9,0,103,3
689,4,419,203,206,442,323,2,2,8,0,50,1
690,40,4934,4183,4532,8807,2827,56,114,320,0,1417,108
691,40.2,1038,1392,1460,3451,31,4,9,51,2,334,8
692,401,1375,111,503,196,1475,3,17,56,0,238,4
693,402,1107,42,328,64,1235,6,14,31,0,126,1
694,403,1482,116,497,260,1514,9,25,35,1,243,8
695,404,1787,282,969,968,1438,8,29,64,0,493,38
696,405,1697,38,739,80,1617,6,46,49,0,671,5
697,41,4898,4697,4631,8569,3050,670,80,264,0,1524,69
698,41.1,874,1113,1245,2824,35,6,14,61,0,284,8
699,42,3884,3596,3447,6042,3166,23,73,147,0,1415,61
700,42.1,791,539,922,1662,149,4,18,95,0,316,8
701,43,4679,2704,4006,8229,1224,30,94,260,0,1266,286
702,43.2,640,376,778,1323,147,1,16,76,0,221,10
703,44,5134,7193,5659,13392,2285,31,74,290,0,1721,193
704,44.1,1876,1576,2244,4709,139,6,29,116,1,643,53
705,45,4507,3019,3889,7353,2309,26,70,265,1,1252,139
706,45.1,1324,1166,1629,3436,124,6,23,76,0,442,12
707,46,3597,3968,3630,7339,2037,21,93,265,1,1369,70
708,46.1,521,412,564,1264,30,3,3,23,0,164,10
709,47,1440,69,412,162,1417,4,20,40,0,253,25
710,47.1,1065,1531,1719,3783,31,6,7,54,0,426,8
711,48,1387,1545,1433,3224,627,6,23,62,0,384,39
712,48.1,1187,1317,1455,3340,93,7,25,86,2,389,17
713,49.1,1057,1545,1665,3654,72,12,15,66,0,440,8
714,4HB,27,100,56,172,0,0,0,0,0,11,0
715,4MSIC,90,46,35,89,69,0,1,1,0,10,1
716,4N,477,497,493,1050,307,3,4,15,0,88,0
717,4S,547,210,225,481,409,3,5,4,0,80,0
718,4VM A,101,56,38,98,78,0,1,0,0,18,0
719,5,750,606,585,1425,362,3,6,15,0,127,3
720,50,2685,2553,2628,5651,872,23,73,157,1,907,182
721,50.1,522,452,570,1356,5,1,3,19,3,154,3
722,501,1568,101,474,247,1582,7,10,67,1,226,3
723,502,1080,73,384,122,1128,3,6,84,1,191,2
724,503,964,144,532,658,613,3,25,64,0,263,14
725,504,840,127,452,302,771,4,8,81,0,248,5
726,505,1233,274,650,561,1147,2,21,115,0,305,6
727,506,775,354,578,793,548,5,7,87,0,253,14
728,507,2459,1191,1678,2198,2063,7,44,266,0,700,50
729,51,2946,591,2282,3678,961,24,67,159,0,675,255
730,51.2,656,602,801,1833,17,2,4,18,0,180,5
731,52,3132,2446,2199,4267,2395,14,65,165,0,837,34
732,52.1,1019,1499,1535,3493,46,10,18,60,1,394,31
733,53-1,1592,424,1408,1940,631,6,40,110,1,532,164
734,53-2,2250,598,2083,3173,451,6,47,107,1,941,205
735,53.1,836,1127,1235,2777,47,6,13,43,0,301,11
736,54,4670,1789,3584,4970,2747,23,101,276,0,1650,276
737,54.2,1353,998,1739,2757,491,10,30,144,1,613,44
738,55-11,1372,43,427,130,1446,2,31,33,1,192,7
739,55-49,1303,9,1032,32,1432,6,48,22,1,799,4
740,55.1,982,955,1268,2610,161,5,15,60,1,323,30
741,56,134,764,382,1125,4,4,1,10,0,135,1
742,56.2,750,539,864,1831,78,4,7,42,0,178,13
743,57.1,822,926,1169,2436,93,3,12,70,0,276,27
744,58,550,1725,1045,2849,119,4,4,17,0,324,3
745,58.1,716,579,920,1961,24,2,7,29,0,185,7
746,59.1,1363,1063,1524,3534,51,8,11,51,0,278,17
747,5AP,606,869,620,1660,229,8,2,16,0,171,9
748,6,652,854,696,1636,379,1,1,15,0,167,3
749,60,1149,1823,1362,2852,610,14,25,133,0,667,33
750,60.2,510,277,640,1154,50,0,10,29,0,178,6
751,60.4,555,375,589,1327,18,0,3,30,0,133,8
752,601,976,239,836,1235,449,3,40,63,0,233,28
753,602,1991,974,1421,2210,1361,9,32,182,0,545,47
754,603,1162,279,776,1337,532,5,20,57,0,252,14
755,604,1076,214,760,828,797,5,35,67,1,297,20
756,605,1926,697,1192,1551,1464,7,25,201,1,505,61
757,606,913,334,612,787,633,5,14,108,0,300,12
758,607,1068,593,759,1523,523,6,16,86,0,242,24
759,61,849,213,380,554,685,45,6,46,0,94,12
760,61.1,907,659,911,2189,29,3,9,29,0,206,12
761,62,1342,485,753,951,1124,50,19,99,0,325,12
762,62.1,1012,541,1001,2147,86,5,8,52,0,238,18
763,63,1840,558,1064,984,1715,78,25,248,0,392,20
764,63.1,181,190,216,501,12,0,5,6,0,62,1
765,64,1852,670,1047,1230,1666,91,22,144,0,391,25
766,64.1,640,571,840,1694,108,3,11,33,0,189,13
767,65,535,12,95,12,593,3,1,5,0,28,0
768,65.1,1198,763,1220,2709,73,5,26,47,0,307,14
769,66,554,655,518,1036,352,2,16,53,0,258,10
770,66.1,727,429,660,1480,73,3,20,42,0,190,8
771,67.1,1002,562,896,2202,33,3,7,27,0,181,7
772,68,741,772,618,1224,499,6,14,54,0,317,17
773,68.1,1330,1339,1775,3600,175,8,31,111,1,498,20
774,681,117,152,167,372,5,5,3,11,0,38,2
775,69.1,1000,953,1252,2690,95,6,13,75,1,311,14
776,70,302,1336,643,1941,78,7,3,32,1,205,14
777,70.1,1381,550,1400,2627,105,6,26,93,0,437,37
778,701,547,457,508,1147,156,3,14,17,0,150,25
779,702,657,295,668,1233,119,4,22,40,0,179,23
780,703,505,251,508,1049,55,2,4,23,0,117,14
781,704,809,337,781,1439,222,4,14,27,0,203,18
782,705,1065,545,848,1435,562,3,14,76,1,320,47
783,706,587,324,420,754,350,0,10,32,0,166,19
784,707,679,345,515,955,359,5,17,40,0,153,10
785,708,1693,1176,1455,2468,1044,5,25,178,0,500,104
786,709,1338,827,1121,1905,811,11,16,91,1,369,82
787,71.1,1466,947,1458,3358,37,5,14,66,0,361,30
788,72,418,1646,875,2423,92,9,8,55,0,340,12
789,74,544,2142,1093,3272,70,12,2,32,0,383,8
790,75,1310,1330,2016,3437,228,6,20,111,0,687,167
791,76,444,1731,899,2587,79,8,6,31,0,354,9
792,78,2520,2847,3251,7178,274,20,24,102,2,940,78
793,801,536,318,496,1041,139,0,14,17,0,129,10
794,802,474,598,486,1427,12,0,2,11,0,103,3
795,803,393,758,575,1588,9,1,4,5,0,114,5
796,804,381,453,445,1143,28,1,6,10,0,82,9
797,805,785,781,799,2041,81,1,9,41,0,169,23
798,806,618,687,633,1507,171,0,8,50,0,168,34
799,807,547,642,742,1458,140,1,7,68,0,174,83
800,808,1659,681,1321,1815,1082,8,31,121,0,527,77
801,809,784,920,1010,2315,99,4,8,54,0,184,50
802,80A,582,3082,1434,4382,69,9,5,37,0,571,25
803,82,392,1516,891,2407,55,7,7,35,0,265,23
804,84,954,2822,1775,4517,256,8,9,59,0,679,23
805,85,1180,694,805,1493,579,9,23,158,0,399,18
806,86A,952,1412,1181,2284,502,10,18,82,0,604,45
807,88,463,1307,737,1916,154,7,3,50,1,349,27
808,9,464,488,487,1137,147,1,1,17,0,136,0
809,901,678,458,716,1591,50,2,10,15,0,166,18
810,902,1125,253,832,1296,463,6,27,59,0,315,44
811,903,1487,837,1490,2556,506,6,70,65,1,524,86
812,904,1472,328,693,778,1240,3,15,106,0,340,11
813,905,1365,483,1113,1747,667,5,65,65,0,371,41
814,906,1262,852,1166,2267,527,1,30,74,0,338,43
815,907,807,481,650,1313,322,4,13,67,1,201,17
816,908,773,991,1020,2209,227,6,9,61,2,216,54
817,909,530,383,477,863,326,1,4,43,0,138,15
818,A1,3445,1262,2008,2981,2554,33,60,276,2,760,49
819,A2,3844,1165,2086,2624,3021,22,84,431,1,894,18
820,A3,1041,52,184,56,1136,13,7,5,0,57,3
821,ABCH,250,713,477,1258,7,2,4,4,0,162,3
822,AC,667,713,760,1938,11,8,6,20,0,143,14
823,AE,1487,1480,1324,2643,925,9,20,241,1,421,31
824,AH49,1650,525,1061,908,1561,16,29,185,1,498,38
825,AL51,1445,2010,1597,3220,1027,115,20,146,1,496,27
826,ALARKA,292,268,233,729,2,19,5,3,0,35,0
827,ALBE,410,510,476,963,88,1,5,138,1,197,3
828,ALMOND,332,484,508,1214,0,17,4,11,0,74,4
829,ALVI,942,513,629,1212,643,4,9,22,0,191,3
830,AN,998,1504,1321,2510,414,22,23,298,0,534,22
831,ANDE,263,271,304,608,143,3,3,11,0,70,0
832,ANNW,327,703,534,1445,3,15,2,14,0,78,7
833,ANS,548,196,234,490,301,1,1,6,0,175,4
834,ANSW,346,693,504,1405,31,7,3,14,0,80,3
835,ANTI,703,182,216,414,615,0,6,9,0,56,1
836,AR,1694,4764,3114,7643,452,33,28,207,0,976,233
837,ARBA,503,176,224,400,403,1,2,25,0,71,1
838,AS,822,1897,1131,3109,246,8,8,146,0,300,33
839,AS25,531,1164,708,1951,97,6,7,58,0,268,16
840,ASCI,216,326,235,725,1,2,2,5,0,41,1
841,AT,596,1305,1450,3055,27,4,7,31,0,215,12
842,AUROR,522,238,240,462,413,3,1,11,0,110,0
843,AUTR,327,850,388,1273,134,12,2,32,0,112,0
844,AVON,175,293,305,705,4,0,1,9,0,51,3
845,AW,1483,2290,1830,4110,621,12,15,289,0,516,40
846,B1,1650,2688,2466,5606,393,8,22,60,1,673,41
847,B2,2058,2759,2728,5490,874,17,37,167,2,913,45
848,B3,616,505,867,1720,75,2,5,30,0,145,11
849,B4,489,422,776,1422,45,2,10,10,0,191,7
850,BA,961,2378,1926,4192,399,6,20,63,0,567,18
851,BC,527,2232,1293,3592,43,5,9,75,0,317,11
852,BC1,681,715,842,2011,14,66,4,18,0,117,8
853,BC13,545,596,638,1102,245,3,15,98,0,304,12
854,BC2,811,687,782,2056,24,57,3,19,1,117,3
855,BC21,766,2351,2152,4128,228,13,22,165,0,671,42
856,BCK,375,519,473,1204,9,28,5,10,1,107,3
857,BCRK,310,885,669,1645,50,6,7,16,0,139,1
858,BD,572,866,1182,2204,122,8,6,24,0,244,12
859,BE,1160,2313,1623,4028,506,6,32,115,0,370,39
860,BE-1,345,480,445,1164,11,7,1,4,0,81,2
861,BE-2,373,402,433,1071,14,7,6,17,0,88,5
862,BE-3,538,712,658,1753,6,7,5,12,0,118,7
863,BE-4,455,614,594,1515,19,2,3,19,0,101,4
864,BE-7,329,442,393,1082,8,4,3,6,0,60,1
865,BE56,586,552,622,1508,117,2,5,12,0,112,4
866,BEADM,306,823,496,1396,91,2,3,15,0,114,4
867,BEAR,363,207,250,532,220,1,3,23,0,41,0
868,BEECH,785,804,940,2277,6,9,8,11,0,211,7
869,BELHV,662,484,339,847,510,0,3,18,0,107,0
870,BELL,198,617,435,1167,5,3,3,3,0,63,6
871,BELVID,250,241,200,521,128,1,0,4,0,36,1
872,BEN,529,952,578,1464,358,15,8,62,0,150,2
873,BERE,699,405,443,953,433,0,9,21,0,127,4
874,BETHEL,623,1082,1199,2420,278,9,7,11,0,177,2
875,BETHWR,413,837,571,1370,202,1,3,18,0,211,16
876,BEUL,659,1237,920,2250,256,5,13,34,0,248,10
877,BFT1,500,395,563,1058,219,0,8,6,0,158,9
878,BFT2,902,1255,1241,2819,187,3,8,16,1,352,12
879,BG,506,505,525,1249,186,0,2,6,0,93,0
880,BIS,715,372,401,821,396,6,8,94,0,153,10
881,BK,380,505,621,1042,171,2,9,30,0,217,35
882,BLCK,316,313,188,523,217,1,3,5,0,67,1
883,BM,53,117,110,253,2,0,0,1,0,24,0
884,BM08,2264,2152,2818,3760,1912,21,89,389,1,939,123
885,BNVL,416,1593,795,2388,114,1,2,40,0,256,3
886,BOGU,384,1620,1023,2521,98,3,7,24,2,365,7
887,BR,1496,1909,1581,3765,728,7,17,46,0,417,6
888,BRAS,335,788,582,1597,3,6,3,6,0,87,3
889,BS26,519,1004,601,1589,256,0,4,33,0,233,9
890,BTNR,1477,652,802,1404,1048,9,19,101,0,343,7
891,BULL,390,192,221,414,283,1,3,36,0,66,0
892,BURN,434,501,387,868,173,5,1,4,0,267,4
893,BUTWD,233,60,97,165,184,7,4,3,0,27,0
894,BUX,312,409,411,1013,4,2,3,19,0,89,2
895,C,967,698,485,1113,790,4,4,32,0,201,6
896,C1,1743,1673,1773,3372,1009,17,33,158,0,583,17
897,C2,2097,1759,1528,3413,1288,21,32,116,2,498,14
898,CA,422,332,370,747,211,2,3,23,0,135,3
899,CALY,204,228,317,560,91,1,4,20,0,72,1
900,CAM,536,1196,949,2129,233,13,14,53,1,231,7
901,CAN,732,587,539,1215,293,3,9,127,0,203,8
902,CAR,1183,2282,1750,4013,712,30,16,77,0,354,13
903,CAS,427,790,729,1791,4,4,5,19,0,111,12
904,CASAR,224,723,392,1220,1,3,1,5,0,104,5
905,CAST,311,247,270,550,186,1,1,20,0,67,3
906,CB,1232,685,1223,2663,69,4,24,45,0,298,37
907,CC,2475,3022,3271,6925,883,13,34,118,0,752,43
908,CC01,1528,178,594,321,1605,29,27,56,0,244,18
909,CC03,663,292,594,488,647,4,22,83,0,287,18
910,CC04,430,295,420,725,206,9,20,46,0,127,12
911,CC06,415,308,457,700,261,15,10,38,1,148,7
912,CC07,320,329,395,788,89,4,6,38,0,106,13
913,CC08,410,478,382,945,168,4,4,21,0,110,18
914,CC1,1504,2527,2632,4964,635,9,27,153,0,833,42
915,CC10,533,248,318,455,461,6,16,44,0,102,15
916,CC12,387,710,514,1313,59,7,8,51,0,154,19
917,CC13,1113,86,660,136,1288,10,28,52,2,332,11
918,CC14,888,881,968,1572,518,31,30,129,0,376,81
919,CC15,941,861,786,1695,490,29,22,75,1,224,52
920,CC16,1472,51,349,39,1604,5,20,29,0,173,2
921,CC17,1569,194,599,337,1662,6,15,80,0,251,11
922,CC18,520,520,457,1009,257,18,9,49,0,125,30
923,CC2,1681,2195,2680,4454,1046,15,31,133,0,814,63
924,CC21,1807,524,1012,955,1718,23,53,124,1,436,33
925,CC24,671,311,510,523,606,8,21,80,0,231,23
926,CC25,774,442,665,742,678,7,25,106,0,275,48
927,CC26,1790,493,1108,810,1703,19,49,198,1,531,80
928,CC27,2084,571,1368,882,2004,21,67,253,0,733,63
929,CC29,1078,392,736,670,1016,10,24,133,0,324,29
930,CC3,2115,3720,3864,7323,921,16,42,213,0,1108,76
931,CC31,822,439,661,856,651,21,26,96,0,259,13
932,CC32,734,153,396,224,747,7,14,78,0,198,15
933,CC33,1089,466,726,740,1004,9,26,116,1,333,52
934,CC34,671,689,704,1126,404,17,30,130,0,196,161
935,CC4,1427,2870,2871,5519,396,13,27,180,0,954,79
936,CC519,1836,201,716,273,2005,19,28,77,1,338,12
937,CCCP,405,1714,1097,2772,20,2,5,27,0,366,24
938,CCREEK,349,848,693,1752,6,7,8,14,0,101,2
939,CD,946,2211,1650,3795,419,8,24,100,0,415,46
940,CE,72,195,132,369,1,1,1,0,0,27,0
941,CF01,1547,1344,1486,2824,985,18,22,63,0,445,20
942,CF02,788,1081,1015,2178,328,5,14,57,0,289,13
943,CF05,940,1139,1411,2505,386,16,18,67,0,477,21
944,CF06,840,1034,1162,2186,414,14,17,50,0,340,15
945,CF1,2157,433,2115,2764,404,19,57,222,0,702,537
946,CF11,738,1512,1217,2581,279,16,11,70,0,506,4
947,CF19,218,855,606,1441,20,2,3,19,0,189,5
948,CFB8,494,566,320,941,341,2,1,14,0,81,0
949,CFK,200,153,224,528,0,4,1,10,0,32,2
950,CFRK,108,320,299,628,17,3,1,9,0,69,0
951,CG,623,409,584,1194,214,4,7,25,0,163,9
952,CG05,216,783,621,1452,5,1,5,11,0,143,3
953,CG1,1087,703,990,1763,581,4,18,73,0,285,56
954,CG2,737,749,854,1733,273,3,9,80,0,198,44
955,CG3A,656,496,629,1287,246,2,6,52,1,147,40
956,CG3B,1036,884,1045,2067,522,3,19,82,0,198,74
957,CH,1849,2920,3444,6770,614,16,36,139,0,558,80
958,CH-A,686,975,700,1637,446,2,6,35,0,212,23
959,CH-B,619,1219,1058,2196,254,2,15,87,0,320,22
960,CHAR,715,314,275,529,606,5,6,38,0,118,2
961,CHCA,195,202,295,610,4,2,0,3,0,71,2
962,CHE,222,292,188,552,90,1,1,11,0,45,2
963,CHIN,261,312,282,608,142,0,6,10,0,86,3
964,CHOCO,1196,1400,1118,2420,813,4,15,61,0,400,1
965,CI,42,118,121,261,0,0,0,1,0,19,0
966,CJ,165,232,328,547,98,0,4,6,0,64,6
967,CL-N,651,691,772,1882,24,3,10,20,0,174,1
968,CL-S,747,858,868,2200,33,8,11,19,0,196,6
969,CL05,851,310,331,546,766,2,5,42,0,131,0
970,CL07,581,785,951,2075,42,3,7,28,1,151,10
971,CL08,555,1063,991,2359,39,0,6,19,0,183,3
972,CL10,451,1361,1192,2364,219,9,19,59,1,323,10
973,CL57-1,1587,536,1011,776,1586,23,48,222,1,423,55
974,CL57-2,1715,376,973,640,1777,14,40,164,3,402,24
975,CLCE,708,92,180,131,720,13,5,31,0,79,1
976,CLEA,1504,731,556,1015,1384,22,5,124,0,236,5
977,CLEM,316,775,385,1045,208,41,9,57,0,111,5
978,CLNE,720,833,445,1279,429,22,10,76,0,174,8
979,CLR4,831,695,668,1280,657,2,16,42,0,156,41
980,CLSW,604,512,435,849,372,125,8,63,0,127,7
981,CLWE,621,789,385,1131,427,24,10,59,0,132,12
982,CM,442,315,506,1000,166,4,2,11,0,77,3
983,CO,1820,212,1210,1881,600,12,57,101,0,418,173
984,COL,832,1230,1456,3129,14,3,9,41,0,308,14
985,COMIPE,824,117,352,685,538,4,2,4,0,59,1
986,CONC,251,39,66,104,220,1,2,5,0,24,0
987,CORI,1108,548,585,1290,720,5,6,43,0,170,7
988,CP,1147,576,1076,2131,269,1,15,55,0,291,37
989,CR,994,755,754,2018,337,5,7,14,0,118,4
990,CR07,1028,1991,2043,3462,784,22,35,155,1,554,49
991,CRDL,1198,255,451,732,941,4,5,38,0,180,4
992,CRDM,2069,1265,1461,2488,1413,12,46,144,0,656,36
993,CREEKS,349,58,162,338,200,2,2,0,0,27,0
994,CS,607,1214,810,2015,309,2,11,53,0,215,26
995,CS04,406,369,278,672,242,2,6,27,0,103,1
996,CS1,760,304,643,1467,45,1,9,31,0,146,8
997,CSON,175,454,290,866,9,5,2,1,0,33,3
998,CT03,107,40,44,82,94,1,1,0,0,13,0
999,CU02,857,429,632,789,710,28,33,111,0,235,12
1000,CUCL,638,581,597,1254,379,9,6,14,0,149,5
1001,CUL,1922,1320,3022,4551,419,36,149,100,1,969,39
1002,CV,86,244,233,542,0,0,1,3,0,16,1
1003,CW,874,953,1011,2309,187,5,3,34,0,291,9
1004,CX,2238,1487,2016,3430,1183,12,31,127,0,877,81
1005,CYCK,261,523,476,1029,123,1,2,4,0,98,3
1006,D1,1176,1526,1449,3055,441,17,26,124,1,444,43
1007,D2,1237,1316,1302,2997,305,12,18,119,0,375,29
1008,DA,1566,268,1235,2366,103,7,21,77,0,347,148
1009,DASW,121,348,146,575,1,1,1,1,0,34,2
1010,DCRK,261,1003,615,1599,27,2,5,70,0,169,7
1011,DFB9,380,264,187,441,331,1,3,2,0,52,1
1012,DHR,290,889,484,1410,124,4,4,30,0,87,4
1013,DM,1372,201,995,1796,244,3,29,53,0,359,84
1014,DN29,501,1794,1275,2960,88,3,8,44,0,449,18
1015,DR,2163,3807,3164,7415,736,22,36,177,0,737,11
1016,DUCK,158,241,268,607,4,0,3,7,0,42,4
1017,DV08,559,1445,939,2615,37,1,4,33,0,252,1
1018,DV1-A,1721,4566,4027,8166,429,24,39,252,0,1239,165
1019,DV1-B,1267,4990,3822,8739,148,17,28,164,0,865,118
1020,DV2-A,593,2061,1590,3615,48,7,16,80,1,442,35
1021,DV2-B,1023,2334,2370,4382,273,16,15,117,0,821,103
1022,DW28,483,1533,938,2397,132,6,5,34,0,368,12
1023,DYSART,439,1021,813,2066,32,2,8,34,0,102,29
1024,E,507,1079,726,2058,81,1,0,11,0,156,5
1025,E1,787,919,855,1985,236,9,15,53,0,257,6
1026,E2,1367,1175,1530,2428,753,19,34,208,0,593,37
1027,EA1,1223,224,1149,1629,165,8,53,53,0,516,172
1028,EAB,870,999,1123,1949,585,34,11,70,0,313,30
1029,EAOX,1197,251,452,757,957,4,5,28,0,146,3
1030,EAST,1791,1749,1787,3900,923,44,22,76,1,334,27
1031,EAST H,539,192,277,509,443,1,2,3,0,48,2
1032,EBBS C,282,388,404,971,7,0,1,9,0,85,1
1033,EBND,296,1273,688,1919,30,3,4,32,0,262,7
1034,EC,1391,1531,1182,2730,904,3,11,58,0,370,28
1035,ED,506,1218,1197,2481,62,5,10,50,0,300,13
1036,ED-1,1308,1462,1131,2737,691,7,18,59,0,377,12
1037,EDWAR,366,300,223,527,273,1,3,8,0,74,3
1038,EF,1886,2389,2705,5663,384,12,42,161,0,677,41
1039,EH,1208,130,892,1552,138,4,41,65,0,276,154
1040,EH1,1545,88,322,118,1633,8,9,29,0,155,3
1041,EKWD,268,620,522,1206,66,6,4,19,0,91,18
1042,EL,19,23,32,66,0,0,0,1,0,7,0
1043,ELD,192,819,494,1278,13,3,2,8,0,197,4
1044,EM,204,648,348,1000,71,3,3,13,0,110,0
1045,EMIS,631,1751,1356,3210,13,3,12,35,0,451,14
1046,EN03,3677,3417,4462,5724,3128,40,137,679,5,1602,241
1047,ENF 2,1114,84,147,138,1130,2,3,2,0,67,3
1048,ENF1,1728,138,303,368,1678,5,5,13,0,99,1
1049,ENG,236,112,132,306,129,0,2,5,0,38,0
1050,ENO,913,595,887,1780,146,6,14,73,0,351,25
1051,EO61-1,984,1021,876,1875,644,39,18,94,1,199,11
1052,EO61-2,721,731,517,1166,565,23,12,41,0,151,11
1053,ES,1457,972,1699,3059,290,5,29,109,0,485,151
1054,ESC114,1942,899,1164,1989,1097,7,33,246,0,613,20
1055,EUR-WP,555,2013,1649,3618,87,10,20,96,0,353,33
1056,EV,497,1115,1072,2377,15,4,10,22,0,242,14
1057,EWD,355,693,588,1298,205,6,4,23,0,95,5
1058,FAIS,582,305,423,663,408,4,6,73,0,155,1
1059,FALSTN,370,683,496,1350,59,2,4,6,0,124,4
1060,FAUCT,609,223,317,656,433,6,2,7,0,43,2
1061,FBSH,393,1743,802,2548,67,2,3,43,0,271,4
1062,FC,1301,1434,1188,2698,822,13,9,60,0,310,11
1063,FC-1,233,276,257,708,3,0,2,5,0,48,0
1064,FC-2,45,48,65,149,0,1,0,0,0,8,0
1065,FEN1,2150,687,937,1289,2024,15,32,77,0,301,36
1066,FEN2,549,849,602,1532,281,5,11,23,0,139,9
1067,FF,166,39,87,204,70,0,0,0,0,18,0
1068,FL,1092,1493,1881,3475,154,13,21,87,0,658,58
1069,FLRI,1448,1914,1861,3790,706,18,25,71,0,604,9
1070,FORT 1,308,535,418,1117,53,1,8,6,0,73,3
1071,FORT 2,433,722,657,1598,66,1,15,15,0,111,6
1072,FP03,458,733,816,1742,10,0,4,17,0,221,13
1073,FP04,1313,2264,2179,4794,258,11,25,84,0,557,27
1074,FP06,1057,1573,1858,3586,240,5,23,66,0,529,39
1075,FP07,1260,2136,2194,4717,227,14,19,89,0,503,21
1076,FP08,1413,2162,2363,5114,47,8,15,63,0,675,16
1077,FR,620,1190,1408,2974,13,3,6,24,0,189,9
1078,FR1,2223,937,1493,1905,1744,15,51,178,0,602,158
1079,FR2,756,824,851,1703,318,8,17,66,0,218,101
1080,FR3,521,506,540,1055,262,6,14,61,0,130,39
1081,FR4,474,602,498,1224,150,0,8,44,0,122,26
1082,FR5A,691,689,848,1551,335,5,20,80,0,191,46
1083,FR5B,376,488,514,1030,160,3,8,40,0,113,24
1084,FRCO,201,306,298,740,0,3,2,5,0,55,0
1085,FS16,674,2165,1797,3759,120,19,18,77,1,628,14
1086,FT,1422,3558,2640,6115,635,9,20,80,0,726,35
1087,G01,775,50,493,364,717,2,23,18,0,182,12
1088,G02,686,236,449,348,648,3,13,61,0,132,166
1089,G03,1449,98,466,114,1625,8,23,48,0,181,14
1090,G04,1408,85,496,142,1555,9,22,43,0,196,22
1091,G05,1145,49,289,36,1306,5,15,19,0,89,13
1092,G06,1125,47,337,52,1293,0,10,30,0,117,7
1093,G07,1292,325,692,588,1255,4,21,77,0,243,121
1094,G08,1504,291,616,482,1423,14,24,98,0,213,157
1095,G09,1983,290,940,613,2047,9,34,102,1,332,75
1096,G10,1849,316,798,576,1897,7,18,113,0,286,66
1097,G10A,1660,1578,1836,2400,1376,58,40,270,0,736,194
1098,G10B,1132,737,984,1335,897,44,28,145,0,383,21
1099,G10C,1152,1367,1420,2106,832,68,41,201,0,592,99
1100,G11,802,252,698,1309,169,11,18,32,0,196,17
1101,G11B,1108,1315,2085,1999,832,22,68,365,4,1093,125
1102,G12,563,141,432,874,99,1,16,23,0,115,8
1103,G13,636,256,493,1101,128,4,14,20,0,109,9
1104,G14,542,187,435,1022,35,0,10,7,0,78,12
1105,G15,602,236,516,1131,53,2,6,26,0,126,10
1106,G16,570,401,481,1318,29,0,5,14,0,81,5
1107,G17,706,475,670,1510,101,1,10,40,0,163,26
1108,G18,386,499,422,1189,24,1,4,6,0,76,7
1109,G19,528,569,506,1325,113,4,3,21,0,118,19
1110,G1A,1163,382,624,597,1124,83,17,62,0,267,19
1111,G1B,1320,1441,1123,2329,981,72,32,126,2,310,32
1112,G1G2,372,701,453,1375,38,2,3,12,0,96,0
1113,G20,909,785,848,2048,228,2,15,37,0,186,26
1114,G21,1483,1012,1099,2135,972,17,22,80,1,298,69
1115,G22,524,690,564,1523,95,6,8,26,0,104,16
1116,G23,635,318,567,1029,289,2,15,25,0,140,20
1117,G24,681,302,542,849,403,4,19,46,0,185,19
1118,G25,746,462,577,1228,372,5,5,33,0,129,13
1119,G26,1710,454,1080,1250,1479,5,32,114,0,273,91
1120,G27,1080,921,1006,2223,452,4,11,64,0,199,54
1121,G28,455,296,377,801,178,2,8,27,0,97,15
1122,G29,717,354,580,970,425,4,28,39,0,165,20
1123,G2A,2262,869,1256,1403,2210,29,63,182,1,445,54
1124,G2B,2022,895,1488,1577,1885,28,75,200,1,581,58
1125,G2C-1,1278,625,963,1163,1143,13,33,126,1,352,35
1126,G2C-2,1052,794,890,1231,935,12,37,127,0,325,69
1127,G2D,1600,1165,1345,1883,1409,17,37,193,1,452,118
1128,G2E-1,1246,258,601,426,1318,11,23,63,0,245,19
1129,G2E-2,1628,251,803,437,1697,20,33,117,3,360,15
1130,G30,553,625,549,1465,84,1,8,43,0,91,35
1131,G31,549,382,564,1199,103,4,14,27,0,133,15
1132,G32,816,793,774,1955,167,6,9,56,0,120,70
1133,G33,569,534,542,1462,49,2,8,15,0,92,17
1134,G34,600,575,587,1556,79,1,8,22,0,81,15
1135,G35,486,320,411,1089,25,0,5,14,0,65,19
1136,G36,825,422,703,1296,384,6,11,67,0,156,30
1137,G37,1429,374,923,1052,1159,3,24,145,0,308,35
1138,G38,1032,528,824,1533,475,3,21,86,0,216,50
1139,G39,613,320,527,1034,153,1,48,48,0,142,34
1140,G3A-1,1911,610,1253,1039,1903,59,36,198,1,511,27
1141,G3A-2,1128,605,873,1047,988,56,24,119,1,349,22
1142,G3B,544,273,425,500,469,23,23,45,0,174,8
1143,G3C,497,420,408,722,388,28,13,24,0,138,12
1144,G40A1,519,517,620,1259,151,2,17,48,0,120,59
1145,G40A2,549,333,449,920,248,2,8,37,0,98,18
1146,G40B,530,479,574,1097,228,3,14,46,0,146,49
1147,G41A,562,370,565,927,297,1,16,51,0,187,18
1148,G41B,753,577,706,1417,291,6,13,91,0,139,79
1149,G42A,582,484,502,1135,251,2,14,46,0,101,19
1150,G42B,445,303,240,882,43,0,2,12,0,43,6
1151,G43,1587,471,1057,1246,1238,8,36,128,0,423,36
1152,G44,1189,204,1100,1260,633,4,54,55,0,451,36
1153,G45,847,96,1242,592,646,6,82,63,2,754,40
1154,G46,2221,87,832,146,2509,8,38,55,0,372,12
1155,G47,1354,218,1067,931,1127,15,51,92,0,375,48
1156,G48,1688,335,1288,1663,941,11,65,71,0,531,29
1157,G49,667,127,475,447,579,3,16,56,0,149,19
1158,G4A,640,334,536,681,499,17,17,83,0,198,15
1159,G4B,704,477,576,916,469,35,18,74,0,228,17
1160,G4C,959,326,702,549,930,35,29,94,0,321,29
1161,G50,2043,297,1138,699,1929,26,55,158,0,539,72
1162,G51,992,304,571,603,795,15,17,74,0,205,158
1163,G52,1403,114,454,251,1462,8,19,47,0,159,25
1164,G53,1995,113,687,241,2158,15,19,71,0,273,18
1165,G54,1856,144,702,370,1888,7,23,97,0,297,20
1166,G55,1621,202,521,393,1643,9,13,64,0,182,40
1167,G56,972,262,443,345,845,4,11,96,0,158,218
1168,G57,1225,189,452,352,1187,10,26,69,0,154,68
1169,G58,1157,199,555,384,1069,5,19,109,0,256,69
1170,G59,876,196,382,328,792,9,16,69,0,166,74
1171,G5A-1,1388,356,777,619,1386,17,32,129,0,304,34
1172,G5A-2,1003,549,659,752,1006,15,31,132,0,240,35
1173,G5B-1,2089,253,843,412,2124,12,43,144,0,415,35
1174,G5B-2,1395,310,696,479,1387,7,35,123,1,316,53
1175,G5C,1143,367,720,643,1090,20,25,124,0,309,19
1176,G60,1159,268,605,540,989,7,35,117,0,227,117
1177,G61,1235,251,556,466,1124,7,24,88,0,244,89
1178,G62,721,289,546,749,476,8,17,81,0,164,61
1179,G63,906,355,608,903,651,2,14,54,0,212,33
1180,G64,1499,391,941,956,1314,13,36,110,0,351,51
1181,G65,1093,509,946,1246,750,7,23,141,0,285,96
1182,G66,970,568,902,1336,609,8,15,110,0,238,124
1183,G67,978,43,697,83,1206,6,31,33,0,355,4
1184,G68,1010,25,876,22,1292,2,25,23,1,544,2
1185,G69,1628,129,754,486,1640,5,55,48,0,253,24
1186,G6A,1163,1964,1320,3154,689,86,21,101,2,377,17
1187,G6B,350,471,265,831,144,11,3,10,0,87,0
1188,G6C,686,629,548,1102,491,47,17,39,0,162,5
1189,G70,1843,45,764,38,2155,7,40,43,0,364,5
1190,G71,1820,77,592,66,2084,4,34,45,0,229,27
1191,G72,1857,109,648,142,2005,8,36,102,0,284,37
1192,G73,1215,29,290,47,1332,1,18,22,0,108,6
1193,G74,1647,53,418,40,1861,4,18,38,0,153,4
1194,G75,1298,88,369,153,1404,4,16,41,0,110,27
1195,G7A,342,595,296,901,197,10,4,37,1,79,4
1196,G7B,332,482,342,864,155,10,6,19,1,97,4
1197,G8A,1633,776,1324,1340,1509,35,48,216,2,523,60
1198,G8B,877,708,1053,1104,777,21,32,182,1,433,88
1199,G8C,1000,510,841,864,937,39,28,138,0,325,20
1200,G8D,974,831,1088,1523,744,32,32,167,0,370,25
1201,G9A,1116,766,883,1303,896,39,24,130,1,333,39
1202,G9B-1,1601,1292,1615,2190,1367,92,38,192,1,589,39
1203,G9B-2,1543,1394,1536,2157,1357,108,42,216,2,527,64
1204,GALATI,392,66,148,312,261,2,2,1,0,28,0
1205,GAPL,1512,97,314,250,1548,3,4,10,0,107,1
1206,GARL,621,328,254,548,520,5,5,40,0,85,0
1207,GASTON,1667,267,504,674,1561,7,10,18,0,168,0
1208,GB,1911,843,1933,3210,472,12,30,143,0,747,73
1209,GB12,992,2185,1697,3391,734,9,39,148,0,506,47
1210,GC09,614,1067,913,2193,196,2,11,20,0,162,10
1211,GCK,363,328,382,960,7,12,7,7,0,73,7
1212,GCRK,49,258,159,426,0,11,2,0,0,27,0
1213,GIB,895,887,897,1695,586,8,16,27,0,335,12
1214,GIDD,557,362,265,554,367,3,5,112,0,142,1
1215,GILEA,454,871,728,1714,164,6,2,20,0,143,4
1216,GL,1081,285,1024,1695,113,8,23,80,0,358,113
1217,GLENWD,340,804,595,1629,11,2,2,12,0,72,11
1218,GLIS,185,219,262,512,39,3,4,25,0,82,1
1219,GLV,365,748,681,1641,3,3,2,19,0,125,1
1220,GM,271,465,568,1058,72,2,8,29,0,125,10
1221,GN,434,123,165,295,374,0,2,5,0,45,1
1222,GR,1833,4899,3104,8480,458,12,23,156,0,685,22
1223,GR06,642,503,470,911,498,9,4,43,0,147,3
1224,GRAPEV,361,302,445,1008,3,1,1,2,0,89,4
1225,GROVER,754,1537,908,2356,428,4,10,38,0,332,31
1226,GULL,640,158,240,357,443,0,3,8,0,218,9
1227,GW,47,132,113,280,2,0,1,1,0,8,0
1228,H,894,105,428,975,264,3,7,20,0,147,11
1229,H01,1519,862,1252,1802,1097,14,38,154,0,445,83
1230,H02,1288,2407,2114,4717,415,6,27,93,0,472,79
1231,H03,2233,2248,2642,5018,1029,15,37,183,0,688,153
1232,H04,2386,2046,2542,4402,1064,19,44,266,0,848,331
1233,H05,2389,1744,2032,3806,1468,8,30,144,0,587,122
1234,H06,2180,1667,2264,3697,1281,14,46,229,1,669,174
1235,H07,1049,127,343,141,1129,2,14,36,0,173,24
1236,H08,2181,2494,2715,5578,1018,15,32,96,1,597,53
1237,H09,1212,87,398,109,1347,2,15,53,1,144,26
1238,H10,2950,1397,2247,3150,2321,15,43,169,0,748,148
1239,H11,2983,2617,3586,5854,1777,17,71,178,0,1189,100
1240,H12,1424,1754,1863,3734,642,7,19,83,1,512,43
1241,H13,1522,2475,2287,5266,374,8,14,72,0,485,65
1242,H14,378,683,410,1181,110,2,8,27,0,99,44
1243,H15,794,586,634,1079,540,6,18,86,0,243,42
1244,H16,438,443,458,914,216,4,8,37,0,114,46
1245,H17,711,211,382,438,628,4,15,51,0,149,19
1246,H18,1207,260,454,467,1146,5,17,58,1,173,54
1247,H19A,879,117,301,235,855,1,16,43,0,131,16
1248,H19B,439,267,305,579,295,1,15,23,0,82,16
1249,H20A,530,368,416,716,344,5,14,45,0,157,33
1250,H20B,432,398,406,821,251,0,9,28,0,96,31
1251,H21,508,501,474,940,298,0,14,33,0,152,46
1252,H22,653,359,417,654,534,5,9,50,0,147,30
1253,H23,435,533,419,974,202,1,6,38,0,129,37
1254,H24,766,862,745,1601,399,7,15,73,0,192,86
1255,H25,1007,1311,1084,2306,582,3,29,118,0,243,121
1256,H26,669,689,731,1333,385,3,19,83,0,208,58
1257,H27-A,652,682,731,1288,352,5,8,89,0,168,155
1258,H27-B,736,631,754,1182,400,7,14,114,0,234,170
1259,H28,1136,764,911,1490,861,6,18,102,0,249,85
1260,H29A,1082,532,787,1135,785,7,14,102,0,254,104
1261,H29B,1130,659,1011,1456,765,9,23,99,0,374,74
1262,HA,367,287,364,896,24,3,2,11,0,79,3
1263,HAIS,209,490,255,873,0,0,0,1,0,80,0
1264,HAL,930,103,262,345,867,3,5,12,0,60,3
1265,HALL,547,396,395,800,373,1,9,23,0,130,2
1266,HANG,81,428,232,713,2,2,0,1,0,23,0
1267,HARR,974,371,273,538,854,3,4,52,0,167,0
1268,HAT,154,188,172,470,3,0,0,1,0,40,0
1269,HAY1,214,532,429,1084,12,2,1,8,0,66,2
1270,HAY2,256,674,505,1337,6,3,2,8,0,79,0
1271,HAYC,94,206,167,429,3,0,0,5,0,29,1
1272,HB,173,389,207,673,58,1,0,8,0,28,1
1273,HC,686,1304,1445,2836,87,9,15,50,0,412,26
1274,HC33,681,1645,1191,2989,60,2,13,79,0,366,8
1275,HE,693,298,660,1174,115,5,9,47,0,278,23
1276,HERR,97,518,137,642,36,9,1,18,0,45,1
1277,HF,1348,257,1273,2011,254,10,28,98,0,297,180
1278,HIAW,264,772,515,1426,9,3,2,7,0,103,1
1279,HIGGIN,293,694,527,1405,11,2,8,14,0,70,4
1280,HIWA,331,1095,608,1917,11,10,0,13,0,81,2
1281,HLWY,324,366,355,760,152,35,3,6,0,82,7
1282,HM,492,143,130,296,423,0,1,10,0,34,1
1283,HM05,1316,1846,1897,2923,1166,24,43,220,0,613,70
1284,HN14,483,1087,1060,1856,350,10,17,64,0,312,21
1285,HO,450,829,650,1442,195,2,5,24,0,254,7
1286,HOL,1827,98,286,118,985,899,18,34,1,118,38
1287,HOOK,362,167,211,396,252,0,1,33,0,58,0
1288,HOT SP,339,189,347,803,2,0,2,6,0,62,0
1289,HOTH,245,796,465,1410,10,2,2,9,0,69,4
1290,HPR,671,189,167,389,546,3,3,10,0,75,1
1291,HR17,451,1263,1210,2271,105,4,13,49,1,455,26
1292,HS,640,1025,1139,2364,188,2,9,33,0,203,5
1293,HTOP,478,88,142,210,405,1,4,16,0,70,2
1294,HU,829,2014,1410,3299,157,11,5,64,0,706,11
1295,HU20,515,1565,1473,2688,274,16,25,100,2,414,34
1296,HV,506,118,184,359,387,3,1,5,1,52,0
1297,HV-1,632,681,1120,2100,94,4,11,29,0,186,9
1298,HV-2,793,712,1095,1884,336,5,28,79,0,247,21
1299,HV-3,777,681,1217,2153,182,4,17,50,0,261,8
1300,I,525,631,477,1095,366,2,5,25,0,138,2
1301,ID,323,320,316,890,1,0,3,3,0,60,2
1302,IH,1137,1550,1476,3847,17,12,8,29,0,226,24
1303,INGO,555,383,238,503,417,2,3,98,0,153,0
1304,IR,747,1721,1228,3023,276,8,12,34,0,337,6
1305,IS20,271,858,576,1454,59,3,7,12,0,165,5
1306,IS23,571,1274,827,2119,239,5,6,30,0,268,5
1307,ISPK,348,711,632,1506,5,0,2,8,1,166,3
1308,IW,277,13,38,24,287,0,2,1,0,13,1
1309,J,804,498,502,1228,455,6,8,22,0,85,0
1310,JA01,1262,2105,2509,3414,946,17,73,314,3,1020,89
1311,JAM1,857,1075,933,2127,411,4,14,59,0,201,49
1312,JAM2,616,607,632,1307,312,0,10,53,0,114,59
1313,JAM3,648,756,570,1291,348,4,14,77,0,142,98
1314,JAM4,668,1203,857,2041,286,9,14,76,0,228,74
1315,JAM5,305,743,449,1111,71,3,7,41,0,176,88
1316,JARE,570,86,193,373,431,2,1,4,0,38,0
1317,JC,930,1137,1262,3077,7,7,6,18,0,211,3
1318,JEF1,1302,987,893,1688,1108,8,12,56,0,288,22
1319,JEF2,1479,573,836,1108,1335,8,20,74,0,322,21
1320,JEF3,2604,424,889,803,2664,10,32,80,0,285,43
1321,JEF4,791,668,586,1201,568,8,14,45,0,178,31
1322,K1,630,45,177,20,706,2,6,9,0,109,0
1323,K2,716,44,158,42,781,1,8,6,0,80,0
1324,K3,849,143,276,320,792,2,4,27,0,118,5
1325,K4,1176,549,697,1371,834,2,6,37,0,155,17
1326,K5,904,142,278,344,826,2,3,9,0,135,5
1327,K6,1434,156,348,214,1518,4,10,13,0,167,12
1328,K7,1215,170,295,262,1276,0,3,7,0,132,0
1329,K8,772,21,140,22,815,2,5,4,0,85,0
1330,K9,1195,282,375,612,1061,2,9,33,0,125,10
1331,KDH,1332,1895,2593,5063,60,12,12,104,0,540,29
1332,KEEN,379,563,344,906,177,9,5,58,0,125,6
1333,KENA,1536,651,782,1449,1173,4,14,51,0,270,8
1334,KFRK,687,668,397,960,405,135,10,80,1,154,7
1335,KI,137,473,450,993,0,1,2,6,0,57,1
1336,KINGST,558,145,188,325,504,0,2,3,0,56,1
1337,KITT,1804,940,922,2036,1235,7,19,51,0,317,1
1338,KM,1115,189,806,1648,99,2,21,49,0,237,54
1339,KM N,1493,1918,1399,3172,1013,9,12,40,0,546,18
1340,KM S,1418,1695,1285,2870,937,5,13,63,1,465,44
1341,KTHK,690,1124,1254,2746,21,1,10,34,1,248,7
1342,LAKE,1434,717,552,1007,1390,11,10,72,0,210,3
1343,LAKE G,483,405,437,839,388,3,0,5,0,86,4
1344,LASKER,105,36,105,186,50,1,0,2,0,6,1
1345,LATT,683,1228,817,2207,200,3,9,46,0,256,7
1346,LAUREL,330,233,356,824,1,0,4,6,0,84,0
1347,LAWNDL,738,456,502,1042,488,1,10,7,0,148,0
1348,LB,804,1101,787,1850,444,13,10,68,0,302,5
1349,LB34,594,1313,903,2416,56,3,7,54,0,267,7
1350,LC,1858,1421,1669,3547,537,16,47,114,0,601,86
1351,LC09,462,643,501,1123,298,4,7,31,1,140,2
1352,LEAS,335,103,208,349,237,0,2,6,0,52,0
1353,LI,1040,1515,1103,2811,525,7,7,22,0,282,4
1354,LI14,361,621,445,1194,66,0,3,20,0,138,6
1355,LI65,945,1311,1065,2118,650,26,22,105,2,362,36
1356,LILE,1407,302,448,760,1007,5,3,10,0,368,4
1357,LIT,1750,781,958,1896,1351,19,15,19,0,183,6
1358,LJ,1154,1270,1569,3682,26,6,9,23,0,232,15
1359,LK-2,1138,1200,989,2202,747,11,12,41,0,304,10
1360,LL,222,68,116,212,165,0,1,3,0,25,0
1361,LM,1212,218,326,621,1004,2,3,13,0,112,1
1362,LN11,568,520,559,1176,241,2,9,42,0,173,4
1363,LOCK,79,151,92,243,46,2,0,0,0,31,0
1364,LOCU,1009,460,444,858,859,2,5,21,1,164,3
1365,LP,450,612,821,1720,12,1,4,12,0,122,12
1366,LR,336,639,646,1457,12,0,2,10,0,140,0
1367,LR63,2372,665,1510,943,2379,28,75,312,4,753,53
1368,LRSL,367,914,595,1705,47,2,3,13,0,104,2
1369,LS12,632,557,596,1242,274,4,11,56,0,188,10
1370,LT18,790,2080,1791,3804,155,10,22,81,0,570,19
1371,LTR,562,1296,1115,2276,240,12,19,82,0,323,21
1372,LU16,321,478,347,826,163,4,4,32,0,115,2
1373,LW18,305,572,370,914,169,3,5,9,0,144,3
1374,LW31,785,1960,1611,3557,183,10,7,39,0,538,22
1375,M,363,720,595,1370,100,2,2,38,0,153,13
1376,M.COVE,268,769,578,1497,9,2,2,15,0,89,1
1377,M02,1585,2362,2484,5559,179,6,25,92,1,498,71
1378,M03,1259,1871,2092,4192,330,10,21,103,0,535,31
1379,M04,1941,2394,2837,5634,487,24,28,161,0,775,63
1380,M06,760,1143,1085,2534,87,1,14,66,1,253,32
1381,M07,533,890,880,2032,28,6,8,20,0,191,18
1382,M1,2096,340,739,1019,1868,3,17,34,0,225,9
1383,M2,1240,229,370,584,1110,2,8,16,0,119,0
1384,MA,1103,1550,1216,2933,470,1,20,64,0,378,3
1385,MAGN,698,335,317,536,521,1,6,81,0,205,0
1386,MAR 1,636,1160,989,2514,77,1,15,39,0,133,6
1387,MAR 2,542,402,451,1080,201,1,10,21,0,74,8
1388,MAR 3,202,364,309,791,8,1,3,20,1,48,3
1389,MAR 4,277,367,429,914,19,2,18,50,0,63,7
1390,MAR 5,217,390,435,924,16,2,10,17,0,72,1
1391,MARB,260,650,439,1248,7,12,1,12,0,67,2
1392,MARS H,1249,1124,1504,3287,114,7,34,51,0,377,7
1393,MASM,119,267,219,558,4,0,0,1,0,38,4
1394,MATO,1560,1447,1704,3927,348,6,13,74,0,335,8
1395,MAUR,780,306,448,783,593,1,7,35,0,112,3
1396,MB62,1629,370,983,555,1660,18,52,171,1,487,38
1397,MC,1842,1444,1240,2816,1197,4,16,85,0,381,27
1398,MCH110,3481,1408,3844,6574,347,16,50,143,1,1441,161
1399,MCRK,49,297,168,462,4,2,0,3,0,43,0
1400,MERR,143,199,140,404,34,0,0,5,0,36,3
1401,MG,237,417,478,943,42,1,12,27,0,101,6
1402,MH,3974,2499,2493,4933,3061,8,35,146,0,754,29
1403,MHD1,539,982,845,1887,199,1,9,17,0,236,17
1404,MHD2,679,1049,1014,2112,217,9,14,25,0,347,18
1405,MHD3,596,1466,1042,2716,111,2,8,28,1,228,10
1406,MHD4,467,1375,848,2379,15,4,4,21,0,246,21
1407,MIDD,1549,527,596,1214,1196,3,11,29,0,211,8
1408,MILT,1167,316,482,890,925,3,6,16,0,123,2
1409,MING,550,1295,563,1679,353,18,8,88,0,262,0
1410,ML,219,103,203,361,118,1,5,6,0,34,0
1411,ML23,262,478,433,826,197,7,4,18,0,120,1
1412,MM,906,104,193,254,713,0,2,9,0,220,5
1413,MON1,1589,507,851,944,1558,4,21,87,0,306,27
1414,MON2A,1995,465,974,919,2036,10,28,95,0,323,23
1415,MON2B,957,326,501,692,888,1,12,31,0,148,12
1416,MON3,1265,1925,1466,3341,794,11,25,77,0,365,43
1417,MR02,1346,527,1101,833,1262,21,38,233,1,496,90
1418,MRB-YO,376,687,468,1257,118,1,3,11,0,140,1
1419,MS,3648,2089,1964,3883,2973,13,34,129,0,651,18
1420,MT19,638,1601,1378,2916,184,6,8,31,0,449,23
1421,MT24,314,865,701,1505,119,2,5,33,0,206,10
1422,MTEN,1510,1580,1691,2989,901,10,32,111,0,718,20
1423,MTG,1086,277,353,652,904,3,4,13,0,117,23
1424,MTTZ,765,848,859,1862,306,1,8,28,1,260,6
1425,MULLS,443,904,566,1666,49,1,3,18,0,175,1
1426,MURN,432,852,750,1776,100,12,4,28,0,95,19
1427,MURS,415,1079,835,2123,17,14,5,29,0,122,19
1428,MY,834,2822,2488,5137,433,15,26,112,2,397,22
1429,N,1072,1065,813,1920,685,7,12,54,0,270,2
1430,N.COVE,154,410,247,755,4,1,3,3,0,41,4
1431,N1,911,523,690,1239,667,3,3,18,0,172,22
1432,N2,1221,275,614,658,1211,4,9,32,0,174,22
1433,N3N5,1525,925,1138,1905,1150,15,18,62,0,309,129
1434,N4,1917,1221,1532,2443,1420,11,24,136,1,471,164
1435,N6,1455,1499,1565,3186,798,12,23,73,0,298,129
1436,NB,1293,3349,2853,6203,168,19,36,202,0,841,26
1437,NB02,725,873,658,1544,451,6,3,35,0,212,5
1438,NB35,681,1975,1129,3359,61,4,3,32,0,320,6
1439,NBCK,168,841,331,1136,17,3,3,37,0,138,6
1440,NC,1429,131,974,2032,25,2,27,98,0,242,108
1441,NCGR1,751,1426,1225,2771,247,4,10,69,0,238,63
1442,NCGR2,462,1173,854,2074,144,4,10,53,0,164,40
1443,NCLAY1,748,1048,697,1751,513,2,11,29,0,166,21
1444,NCLAY2,324,716,419,1242,77,12,7,17,0,89,15
1445,NCRK,326,597,356,1070,106,1,3,8,0,89,2
1446,NDRI,481,1276,935,2174,129,12,14,57,1,234,71
1447,NE,493,693,862,1601,129,9,15,63,1,206,24
1448,NE22A,1164,1224,1626,2080,1083,18,28,193,1,552,59
1449,NE22B,1425,2034,2199,3392,1173,21,61,281,2,652,76
1450,NEBO,563,1095,877,2288,75,2,5,22,0,125,18
1451,NEW,776,519,616,1079,675,2,6,14,0,134,1
1452,NEW HO,636,832,836,1731,363,3,5,20,2,172,7
1453,NEWTOW,288,79,125,276,190,0,0,2,0,24,0
1454,NFAL,116,622,308,945,18,0,0,7,0,75,1
1455,NGHD,678,856,1108,2402,19,2,4,25,0,182,8
1456,NGRV,467,576,358,939,229,10,4,69,0,146,4
1457,NH,2005,1346,1114,2495,1576,7,12,44,0,329,2
1458,NH1,1472,94,318,162,1509,5,10,30,0,159,9
1459,NICANO,95,58,72,170,36,0,0,2,0,17,0
1460,NIX,1090,1293,1347,2741,671,5,16,49,0,233,15
1461,NKNB,504,1506,767,2221,211,6,8,55,0,272,4
1462,NLIB,536,1890,1121,2971,138,4,8,136,0,283,7
1463,NM,1101,3808,2471,6417,127,23,11,99,1,679,23
1464,NM13,169,559,389,936,77,2,3,14,0,83,2
1465,NMAD,1235,884,857,1502,1047,7,20,87,0,291,22
1466,NOID,504598,315846,325051,764979,275118,9220,9476,22290,3,53481,10927
1467,NORTH,1903,957,1743,3052,1004,12,29,61,0,427,18
1468,NPT1,613,1484,1267,2771,211,11,15,45,2,285,24
1469,NPT2,427,1359,1049,2380,109,6,5,33,0,286,16
1470,NR02,1022,248,687,505,1066,10,26,75,0,268,7
1471,NRIV,323,168,151,298,279,1,1,5,0,57,1
1472,NS,1381,213,1277,1547,417,6,70,56,0,604,171
1473,NSP,661,793,1121,2074,169,5,10,54,1,248,14
1474,NV,1011,200,292,416,895,4,10,28,0,142,8
1475,NW,483,742,911,1800,58,3,9,36,0,224,6
1476,NWASH,213,690,323,1073,61,2,3,7,0,79,1
1477,NWM117,2403,1244,2567,4509,414,12,36,142,0,962,139
1478,OAKGRV,654,1754,1057,2750,224,6,7,38,0,434,6
1479,OB21,305,1308,714,2022,49,4,4,34,0,201,13
1480,OCK,357,104,306,674,2,0,4,7,0,79,1
1481,OG,1556,672,1348,2828,223,8,31,84,0,361,41
1482,OKHL,600,288,320,689,430,1,2,9,0,77,0
1483,OL,224,678,374,1120,41,0,0,7,0,106,2
1484,OLDF,621,442,391,845,475,2,5,21,0,105,1
1485,OLHI,533,540,536,1255,206,7,7,16,0,116,2
1486,OPH,76,140,93,288,0,2,0,1,0,18,0
1487,OR1,762,1853,1321,3231,185,9,12,83,0,324,92
1488,OR2,510,1214,991,2160,151,8,10,71,0,211,104
1489,OTBEG,330,913,637,1706,6,7,4,6,0,150,1
1490,OW,1466,170,1145,1531,446,10,47,98,0,524,125
1491,P,651,1090,836,2427,7,10,5,10,0,114,4
1492,P01,256,209,218,416,194,0,1,8,0,64,0
1493,P01A,1797,1399,1350,2792,1082,41,16,134,0,474,7
1494,P02,124,169,148,342,53,1,1,5,0,39,0
1495,P02A,778,774,769,1326,538,2,18,76,0,352,9
1496,P02B,638,151,215,239,431,254,5,9,0,61,5
1497,P03,360,403,351,830,149,7,1,20,0,102,5
1498,P03A,554,659,611,1227,313,8,11,59,0,203,3
1499,P04,867,761,662,1433,602,5,4,24,0,210,12
1500,P04A,594,653,521,1050,349,4,11,143,0,205,6
1501,P05,899,397,495,929,716,7,6,17,0,113,3
1502,P05A,608,1551,787,2460,250,9,7,29,0,189,2
1503,P06,471,413,487,1043,234,5,5,5,0,77,2
1504,P06A,1459,767,740,1434,1179,16,18,55,0,259,5
1505,P07,2177,952,1202,2109,1840,52,14,49,0,263,4
1506,P07A,288,326,198,604,161,2,3,6,0,35,1
1507,P08,127,153,137,388,7,6,3,3,0,10,0
1508,P08A,3056,2114,1617,3675,2542,23,22,72,0,441,12
1509,P09,601,212,244,538,448,4,2,5,0,60,0
1510,P09A,599,443,383,849,460,5,8,18,0,82,3
1511,P1,816,135,237,372,723,2,5,6,0,74,6
1512,P10,464,499,506,1159,203,10,2,13,0,82,0
1513,P10A,1120,368,363,640,1026,34,10,18,1,119,3
1514,P11,280,271,275,639,97,7,1,15,0,66,1
1515,P11A,725,1508,778,2431,361,21,9,29,0,157,3
1516,P12,87,75,48,196,1,3,0,0,0,10,0
1517,P12A,514,264,201,407,480,9,5,7,0,67,4
1518,P13,193,203,237,520,36,4,0,12,0,61,0
1519,P13A,530,135,130,231,509,4,2,7,0,42,0
1520,P14,1494,1055,839,1776,1122,59,10,52,0,367,2
1521,P14A,563,593,369,920,438,8,6,28,0,117,8
1522,P15,1965,1187,1534,3019,1225,37,12,77,0,313,3
1523,P15A,1525,1546,1026,2510,1186,19,16,59,0,293,14
1524,P16A,1227,527,591,868,1151,14,20,61,1,209,21
1525,P16B,689,436,502,1009,181,287,5,10,0,127,8
1526,P17,687,176,262,386,565,68,8,22,0,76,0
1527,P17A,2489,816,1035,1567,2157,31,27,116,1,400,41
1528,P18,243,125,145,321,150,4,0,7,0,31,0
1529,P18A,1611,504,590,903,1414,25,11,62,0,264,26
1530,P19,1135,592,584,1299,797,16,8,31,0,151,9
1531,P19A,2622,1772,1333,3132,1956,17,22,147,0,407,46
1532,P2,693,86,188,238,646,0,4,8,0,69,2
1533,P201,455,400,558,1130,187,15,6,8,0,67,0
1534,P202,834,657,935,1724,525,38,12,29,0,98,0
1535,P20A,1906,898,820,1615,1625,17,11,66,0,268,22
1536,P21,401,345,327,693,276,9,9,13,0,69,4
1537,P21A,1820,445,763,924,1735,13,22,58,0,251,25
1538,P22A,2332,709,1091,1573,2101,30,23,51,0,350,4
1539,P23,901,556,588,1157,723,16,5,25,0,113,6
1540,P23A,2504,344,707,494,2650,18,18,35,1,334,5
1541,P24,560,651,722,1604,177,3,3,11,0,134,1
1542,P24A,1107,1294,755,2051,789,7,14,50,0,228,17
1543,P25,564,157,323,522,439,17,5,12,0,48,1
1544,P25B,320,500,470,1131,44,8,1,10,0,95,1
1545,P26B,1580,843,815,1794,1154,12,4,19,0,251,4
1546,P3,1316,416,518,1186,915,2,7,9,0,127,4
1547,P30,883,116,235,170,819,146,4,8,1,85,1
1548,P35,369,116,187,289,306,4,2,19,0,52,0
1549,P40,518,528,539,1152,276,12,5,18,0,121,1
1550,P45,178,157,128,330,78,3,3,19,0,30,0
1551,P501,1490,419,710,1193,1241,14,10,28,0,126,7
1552,P502,943,301,435,769,775,19,9,20,0,85,2
1553,P55,288,137,166,303,219,7,2,9,0,49,2
1554,P60,718,307,406,696,565,30,4,40,0,94,2
1555,P65,178,226,164,380,115,4,2,8,0,59,0
1556,P70,240,77,109,224,160,3,1,7,0,30,1
1557,P75,709,140,246,314,670,24,7,10,1,69,0
1558,P80,421,266,382,627,314,13,3,34,0,78,0
1559,PA,1452,478,1098,2341,118,4,36,91,0,340,98
1560,PANTE,406,422,239,671,290,0,1,12,0,92,1
1561,PARKVI,772,543,562,1156,569,4,5,13,0,130,0
1562,PB,735,1346,1665,3133,141,10,16,49,0,390,7
1563,PBF,809,829,880,1575,610,28,12,75,0,199,19
1564,PC,256,465,386,1031,4,3,2,3,0,63,1
1565,PC22,379,1373,851,2241,45,4,7,41,0,260,5
1566,PCHT,414,1108,719,2077,9,13,5,20,0,112,5
1567,PDN,742,1262,1370,2813,171,10,12,69,0,276,23
1568,PEAC,400,429,414,825,115,1,2,8,0,283,9
1569,PEE,263,617,347,988,80,2,1,17,0,121,18
1570,PELE,202,683,481,1182,4,3,2,15,0,153,7
1571,PELH,956,931,980,2100,543,4,9,23,0,180,8
1572,PF,289,436,527,1025,52,1,6,20,0,140,8
1573,PG1,578,725,533,1260,372,4,9,36,0,147,8
1574,PG2,543,1330,732,2165,230,8,6,21,0,165,10
1575,PH,716,465,586,1187,413,0,1,15,0,149,2
1576,PH1,162,268,172,482,34,2,5,20,0,59,0
1577,PH2,284,506,328,885,82,3,3,40,0,103,2
1578,PHA1,624,1432,1317,2804,146,9,15,76,0,291,32
1579,PHA2,265,1061,777,1920,33,7,5,22,0,98,18
1580,PHB1,566,1347,1226,2692,131,6,6,64,0,205,35
1581,PHB2,321,1155,857,2077,31,7,5,31,0,152,30
1582,PHC,842,1752,1684,3549,237,16,9,100,0,333,34
1583,PINET,150,437,240,739,38,0,1,5,0,43,1
1584,PIT113,3026,1420,2968,4942,1200,18,41,143,0,1010,60
1585,PL10,123,197,133,384,33,0,0,2,0,34,0
1586,PLEASA,458,953,645,1877,31,1,5,34,0,104,4
1587,PLVW,460,1520,600,2013,247,15,6,47,0,248,4
1588,PNTH,2029,811,1215,2011,1535,24,20,71,1,380,13
1589,POLK,484,219,236,449,270,0,3,7,0,205,5
1590,POLKVL,588,970,787,2016,93,2,6,24,0,202,2
1591,PP,529,689,793,1608,167,5,8,16,0,204,3
1592,PR,1268,4314,2831,7285,153,32,13,101,1,800,28
1593,PR01,4046,4968,4858,8062,2822,76,116,550,5,2110,131
1594,PR02,324,762,428,1320,61,0,3,12,0,112,6
1595,PR04,383,471,327,809,215,4,4,46,0,103,0
1596,PR07,4779,6869,6735,11427,3092,72,148,702,4,2769,169
1597,PR08,2673,4486,3395,7561,1150,29,49,338,1,1400,26
1598,PR09,1506,2080,2096,4023,762,11,16,119,2,706,43
1599,PR10A,1447,901,1185,1880,950,7,23,82,0,575,16
1600,PR10B,677,1049,866,1865,284,4,9,47,2,367,14
1601,PR11A,1025,1147,1041,2059,646,7,12,75,0,395,19
1602,PR11B,1648,1697,2005,3391,971,7,29,126,1,791,34
1603,PR12A,1653,1890,2025,3398,1045,19,39,145,0,868,54
1604,PR12B,1416,1948,1864,3523,801,15,37,127,0,690,35
1605,PR13,1093,3117,1825,5065,291,13,15,76,0,555,20
1606,PR14,1000,2779,1919,4748,217,14,12,107,0,585,15
1607,PR16,2564,2551,3109,4499,1788,37,67,415,2,1371,45
1608,PR17,425,776,548,1492,88,3,3,17,0,134,12
1609,PR18,766,1909,1146,3445,90,3,13,29,0,219,22
1610,PR19,425,825,520,1374,182,9,7,32,0,163,3
1611,PR20,2491,2217,1954,3432,1934,50,37,163,0,1027,19
1612,PR21,1065,3045,1667,4814,196,14,14,127,0,603,9
1613,PR22,1365,3078,1896,5161,473,13,24,131,0,526,11
1614,PR23,1888,1975,1678,3808,825,24,37,188,0,643,16
1615,PR23A,968,1907,1662,3291,420,19,24,107,0,660,16
1616,PR23B,760,1505,1249,2535,354,10,12,89,1,505,8
1617,PR24,3175,4596,3112,7267,1794,47,52,375,2,1318,28
1618,PR25,2967,2669,2167,4402,2191,38,37,232,0,876,27
1619,PR26,2503,2326,1704,3785,1683,41,48,203,0,754,19
1620,PR27A,805,541,541,1031,537,1,19,77,0,192,30
1621,PR27B,1031,1073,1011,1968,631,13,15,101,0,374,13
1622,PR28,2504,4439,3307,7380,1051,24,49,229,1,1480,36
1623,PR29,2541,3055,2118,5144,1494,41,35,170,0,807,23
1624,PR29A,1455,2699,2387,4801,627,22,29,134,1,885,42
1625,PR29B,2995,4352,4301,7976,1494,34,40,273,2,1740,89
1626,PR30,2415,2288,2305,4312,1463,10,55,261,0,891,16
1627,PR31,1690,1357,1147,2461,1123,15,17,79,1,490,8
1628,PR31A,748,1301,1200,2313,404,6,14,79,0,414,19
1629,PR31B,1659,2455,2403,4435,859,19,26,159,2,963,54
1630,PR32,2309,4310,3199,7400,879,27,52,179,0,1230,51
1631,PR33,1759,4984,3168,8140,416,26,32,209,1,1062,25
1632,PR34,3347,4465,4020,8131,1845,29,48,276,0,1430,73
1633,PR35,1667,3748,1960,5692,725,16,23,143,0,765,11
1634,PR36,775,1373,916,2283,422,9,9,61,0,276,4
1635,PR37,1184,1814,1191,3137,498,11,24,134,0,375,10
1636,PR38,436,1140,525,1739,93,7,5,51,0,205,1
1637,PRBL,774,1027,810,1910,414,5,10,57,0,210,5
1638,PRCR,791,899,718,1632,472,7,5,57,0,232,3
1639,PRGA,1020,636,621,1148,821,3,12,82,0,208,3
1640,PRO,1374,1619,1873,3533,809,7,23,88,0,373,33
1641,PROL,1153,1469,1195,2762,522,6,18,119,0,383,7
1642,PROVI,334,209,249,549,183,0,2,2,0,56,0
1643,PRSA,545,233,256,506,405,3,3,26,0,91,0
1644,PRSP,660,756,615,1374,395,2,9,57,0,192,2
1645,PRST,626,341,352,645,519,6,5,33,0,109,2
1646,PRTA,2738,1921,1918,3669,2021,10,27,197,0,591,62
1647,PRTO,1669,1060,958,1964,1382,10,5,45,0,275,6
1648,PRWA,663,92,301,220,644,4,6,45,0,135,2
1649,PRWB,873,70,244,101,952,1,5,36,0,91,1
1650,PRWC,1280,110,291,195,1320,3,6,45,0,109,3
1651,PRWD,582,579,565,1351,221,5,4,22,0,122,1
1652,PRWE,914,193,375,422,898,2,9,49,0,102,0
1653,PRWH,710,33,158,23,797,1,1,23,0,56,0
1654,PRWI,1132,283,426,508,1095,3,8,59,0,160,8
1655,PRWJ,1961,791,886,1633,1591,9,8,88,0,278,31
1656,PRWK,562,502,462,1098,291,0,2,27,0,101,7
1657,PRWL,1069,680,707,1369,803,0,8,59,0,191,26
1658,PRWM,1983,1077,1252,2187,1649,3,16,96,0,324,37
1659,PRWN,1913,118,401,149,2056,5,8,47,0,162,5
1660,PRWP,629,554,497,1117,362,8,2,61,0,103,27
1661,PRWQ,522,27,113,15,567,0,1,21,0,57,1
1662,PRWR,1270,115,389,184,1330,4,9,46,0,199,2
1663,PSJW3,853,205,368,417,830,2,4,35,0,136,2
1664,PV,447,719,937,1870,27,2,9,17,0,170,8
1665,QUA,1140,1012,1352,1859,28,1160,27,89,0,277,64
1666,R1,618,173,195,350,575,1,4,9,0,47,0
1667,R2,795,196,253,401,732,3,2,16,0,89,1
1668,RBN,278,614,423,971,110,4,9,112,0,105,4
1669,RC,1231,2050,1330,3620,551,6,11,46,0,367,10
1670,RC1,1524,1060,1105,1964,1238,8,22,74,0,361,22
1671,RC2,2046,1647,1784,2911,1581,13,33,109,0,768,62
1672,RCTL,1915,784,1135,2030,1414,10,16,44,0,310,10
1673,RE,1955,1099,2445,3591,386,19,52,212,0,650,589
1674,REVERE,143,42,86,229,0,3,1,1,0,37,0
1675,RF,1070,210,782,1469,141,1,16,70,0,250,115
1676,RG,464,957,983,2108,29,4,7,37,0,202,17
1677,RGER,303,836,566,1616,10,9,3,7,0,58,2
1678,RICH S,962,73,246,298,902,1,1,9,0,69,1
1679,RINGW,1089,88,148,137,1052,30,7,17,0,75,7
1680,RIPPY,1213,1432,1051,2567,750,5,25,32,0,309,8
1681,RIV,283,204,295,719,1,2,2,8,0,47,3
1682,RL09,1240,2448,2109,4135,800,19,31,156,2,624,30
1683,RM,737,1325,800,2089,405,7,13,97,0,235,16
1684,RN,1004,2855,1772,4525,316,18,15,203,0,541,13
1685,ROC,431,159,195,292,346,3,4,40,0,100,0
1686,ROCK,418,331,214,511,322,2,4,28,0,96,0
1687,ROSE,1179,1098,819,1866,807,14,17,92,0,292,8
1688,ROWA,625,599,395,897,441,16,6,110,0,146,3
1689,ROX4,849,365,509,904,625,6,5,28,1,154,0
1690,RP20,670,650,622,1170,455,4,5,85,0,220,3
1691,RR,196,408,428,916,5,1,5,12,0,92,1
1692,RR 10,1206,410,985,1509,818,14,17,37,0,167,39
1693,RR 11,1083,501,946,1509,815,16,7,29,0,140,14
1694,RR1-2,593,216,517,753,447,6,7,22,0,86,5
1695,RR3-4,794,488,893,1657,322,9,9,20,0,144,14
1696,RR7-9,2623,411,1014,1125,2577,12,17,23,0,289,5
1697,RRCE,1304,687,1099,1892,916,14,7,24,0,220,17
1698,RVRD,661,728,583,1432,320,2,4,43,0,171,0
1699,RX,725,86,233,233,751,2,1,2,0,54,1
1700,S 4A,2063,1243,1213,2536,1538,9,24,48,0,351,13
1701,S 5,1122,785,681,1483,822,3,5,15,1,247,12
1702,S C,3123,1800,2006,3917,2172,12,40,98,1,657,32
1703,S S,2544,1708,1594,3293,1901,8,21,74,0,527,22
1704,S1S2,607,1194,879,2321,90,5,7,28,0,225,4
1705,SA,688,664,737,1934,4,5,6,11,0,122,7
1706,SA04,356,561,681,1419,14,0,2,12,0,148,3
1707,SAL,328,381,485,933,158,0,5,18,0,74,6
1708,SALM,923,390,509,1041,577,3,10,44,0,139,8
1709,SANDY,155,153,193,433,0,0,1,3,0,63,1
1710,SASS,863,519,462,1191,510,0,5,22,0,115,1
1711,SAV,355,369,405,993,8,16,2,9,0,94,7
1712,SB,780,2344,1838,4369,98,3,22,64,0,397,9
1713,SB02,1151,1156,995,2121,783,6,14,52,0,323,3
1714,SBCK,107,474,223,727,5,1,2,11,0,58,0
1715,SBRG,313,460,223,704,163,10,7,34,0,74,4
1716,SC,573,248,257,682,308,2,2,13,0,68,3
1717,SC13,870,1683,1529,3390,139,12,11,47,0,462,21
1718,SCC,562,501,623,1485,9,19,4,12,0,152,5
1719,SCLAY,408,1036,561,1767,82,8,7,9,0,131,1
1720,SCRK,2265,694,946,1730,1706,6,10,86,0,363,4
1721,SDC,2112,1400,2171,4854,110,63,26,103,0,477,50
1722,SDRI,1437,2242,1987,3875,739,11,31,207,0,561,242
1723,SE,2092,3095,2039,5173,1123,22,29,168,1,697,13
1724,SEABOA,616,82,222,291,568,3,4,3,0,50,1
1725,SEVERN,208,49,98,203,128,0,0,0,0,24,0
1726,SF1,651,1493,1265,2751,173,9,12,71,0,273,120
1727,SF18,765,2555,2035,4283,185,10,30,125,1,666,55
1728,SF2,335,843,580,1528,65,3,7,19,0,128,8
1729,SF3,837,1107,1076,2159,355,8,19,102,0,262,115
1730,SF4,831,1455,1372,2839,251,4,20,94,0,301,149
1731,SFAL,207,1014,423,1471,27,2,2,29,0,113,0
1732,SH,539,935,1057,2048,225,2,6,29,0,209,12
1733,SH#1,861,256,458,777,671,5,3,20,0,92,7
1734,SH-A,591,1473,918,2502,165,7,9,46,0,224,29
1735,SH-B,549,1503,1010,2629,181,5,5,31,0,194,17
1736,SH1,1298,176,370,399,1214,3,5,54,1,157,11
1737,SH12,323,1006,701,1747,28,3,3,22,1,222,4
1738,SH2,406,93,152,248,318,2,2,15,0,64,2
1739,SH77,932,927,860,1581,706,46,23,74,1,268,20
1740,SHANGI,842,989,771,1967,406,5,8,13,0,195,8
1741,SHCR,190,638,443,1188,4,0,0,3,0,73,3
1742,SHIN,651,362,462,860,397,0,3,60,0,155,0
1743,SJ,2108,370,1112,2248,868,6,25,82,0,281,80
1744,SK,377,172,242,481,248,2,1,6,0,53,0
1745,SKNB,108,731,315,1047,5,2,6,11,0,82,1
1746,SL24,374,824,543,1429,81,3,5,39,0,173,11
1747,SL78-3,2571,762,1672,1192,2508,27,71,301,2,813,91
1748,SLAD,131,50,98,178,87,0,1,0,0,13,0
1749,SLIB,251,1231,579,1826,49,2,1,29,0,152,2
1750,SLS,750,2111,1737,4081,119,10,12,80,0,275,21
1751,SM,2033,3310,3725,7539,487,7,34,131,1,842,27
1752,SMAD,940,921,744,1604,700,14,21,43,0,212,11
1753,SMCA,330,398,453,894,157,3,4,16,0,107,0
1754,SN,2347,294,532,678,2230,4,9,13,0,232,7
1755,SO,515,1978,1079,3098,186,4,6,57,0,215,6
1756,SOOX,992,146,304,373,903,1,9,22,0,130,4
1757,SOSH,805,1175,1407,3130,7,3,6,26,0,202,13
1758,SOUTH,2069,550,1258,1580,1770,10,28,47,0,427,15
1759,SP15,806,1804,1766,3546,239,10,14,72,0,477,18
1760,SPRING,295,183,287,669,3,0,2,5,0,79,7
1761,SQ,243,59,156,317,108,1,2,2,0,28,0
1762,SSP,1561,1186,1252,2150,1338,14,16,77,1,373,30
1763,ST,309,1126,570,1609,140,12,8,21,0,212,3
1764,ST1,1105,1453,1391,2637,657,6,21,163,0,394,71
1765,ST2,1046,1029,1151,2054,674,7,15,89,0,349,38
1766,ST3,1471,1012,1086,1715,1340,9,20,82,0,390,13
1767,ST36,832,1471,1176,2579,323,5,15,113,0,436,8
1768,ST4,982,1040,949,2110,554,1,17,46,0,227,16
1769,ST5,1178,935,1002,1833,892,7,13,61,0,287,22
1770,ST6,1642,1169,1251,1974,1495,5,18,99,0,443,28
1771,STA,411,690,486,1302,68,5,4,41,0,167,0
1772,STEC,188,607,305,1035,0,14,0,2,0,48,1
1773,STEL,206,812,568,1340,47,3,5,15,1,173,2
1774,STOK,779,2076,1535,3569,236,10,23,102,0,389,61
1775,STON,733,786,658,1448,440,5,12,16,0,256,0
1776,STPT,43,44,47,126,1,0,0,0,0,7,0
1777,SUGG,443,213,276,507,324,0,2,24,0,73,2
1778,SUM1,1326,461,581,799,1183,8,18,78,0,215,67
1779,SUM2,1273,472,640,853,1200,14,19,66,0,212,21
1780,SUM3,291,580,364,999,83,4,10,37,0,93,9
1781,SUM4,275,1090,568,1724,68,10,4,13,0,110,4
1782,SURBA,406,773,604,1597,58,3,6,11,0,105,3
1783,SW,1029,2966,2151,5405,178,5,17,65,0,449,27
1784,SW19,810,2464,1956,4273,164,17,19,103,1,612,41
1785,SWASH,186,476,335,832,73,1,2,5,0,82,2
1786,SWEE,147,324,279,701,3,3,2,3,0,38,0
1787,SWST,701,624,565,1374,325,1,5,12,0,171,2
1788,T.COVE,134,373,232,675,4,1,3,5,0,50,1
1789,T1,1127,1207,909,2305,614,5,22,58,0,215,24
1790,T1T4T5,755,1803,1245,3128,259,7,3,43,0,335,28
1791,T2,718,885,713,1851,257,6,7,38,0,148,9
1792,T2T3,695,1116,899,2208,243,4,7,37,0,201,10
1793,TA37,610,1826,1372,3143,121,10,4,42,0,469,19
1794,TAPO,54,253,111,392,0,4,1,3,0,18,0
1795,TB,829,2804,1579,4274,305,15,14,58,0,539,7
1796,TC1,98,401,351,772,0,0,1,6,0,70,1
1797,TC7,294,782,648,1565,6,0,5,7,0,138,3
1798,TCRK,627,925,718,1739,321,2,4,36,0,166,2
1799,TE13,262,581,340,999,74,2,2,8,0,96,2
1800,TH,1271,72,787,1394,257,4,37,51,0,294,93
1801,TL06,780,1581,1407,2542,598,22,27,130,1,407,41
1802,TLT,316,86,130,171,311,2,2,4,0,41,1
1803,TO,655,326,469,994,305,3,5,11,0,129,3
1804,TOPT,68,239,97,385,1,2,0,1,0,15,0
1805,TR,1198,4784,2492,6965,348,27,13,93,1,960,67
1806,TR123,934,869,1241,2615,205,2,5,27,0,186,4
1807,TT,491,2359,1147,3502,53,16,8,33,1,380,4
1808,TURK,522,342,224,554,408,4,2,34,0,81,5
1809,TUSQ,111,306,270,653,0,1,1,1,0,31,0
1810,TYHO,1317,1446,1374,2934,629,8,19,68,1,468,10
1811,UG,1292,4715,2501,7317,195,23,13,228,0,701,31
1812,UH08,532,119,159,216,526,1,1,5,0,61,0
1813,UN,572,100,188,308,486,7,3,7,0,47,2
1814,UNC,1805,416,2168,2453,418,20,114,100,1,982,301
1815,UNKA,83,284,194,526,1,2,1,3,0,27,1
1816,UT14,718,2126,1852,4002,79,7,21,65,1,503,18
1817,UU17,527,375,247,614,403,2,5,19,0,106,0
1818,UWH,265,683,482,1268,23,4,0,13,0,109,13
1819,V,1002,523,465,916,901,1,6,15,0,149,2
1820,VE14,1536,1455,1039,2514,1129,13,16,51,0,305,2
1821,VR15,321,900,924,1643,183,10,14,58,0,217,20
1822,VSS,484,846,826,1662,225,9,11,58,0,185,6
1823,W,864,1607,1096,3020,247,4,9,22,0,253,12
1824,W03,1326,251,1013,1257,901,8,27,48,0,342,7
1825,W08,957,423,696,948,828,3,20,30,1,239,7
1826,W1,4086,872,1451,2384,3539,10,21,44,1,379,31
1827,W12,721,508,744,1585,136,3,11,29,0,195,14
1828,W13,922,352,1004,1160,533,6,27,68,1,465,18
1829,W15,2856,722,2225,2078,2509,18,58,153,0,956,31
1830,W16,941,1169,1248,2746,140,10,20,77,0,327,38
1831,W17,761,791,824,1811,264,2,13,43,0,202,41
1832,W18,450,505,731,1347,68,8,8,27,0,220,8
1833,W2,1950,584,840,1698,1447,10,7,29,0,175,8
1834,W21,1356,1454,2008,3678,350,6,38,100,0,618,28
1835,W24,988,641,1525,1933,251,8,50,71,0,810,31
1836,W25,2187,532,1642,2262,1400,8,32,85,0,551,23
1837,W26,1087,565,1208,1890,492,8,24,63,0,371,12
1838,W27,1555,430,1266,2077,755,5,20,47,1,334,12
1839,W28,1316,784,1776,2526,449,14,43,106,0,702,36
1840,W29,2433,244,1225,958,2417,19,43,61,0,398,6
1841,W30,1759,1354,2045,3531,739,14,42,136,1,659,36
1842,W31,1115,1474,1459,3410,192,6,16,45,2,345,32
1843,WAB,1193,1341,1454,2592,746,44,22,138,2,392,52
1844,WACO,961,1297,964,2222,582,3,10,55,0,337,13
1845,WAD,243,121,117,216,174,2,1,10,0,31,47
1846,WADES,4216,821,1257,2061,3041,9,4,50,0,1103,26
1847,WALL,1921,1297,1221,2472,1385,7,19,110,0,427,19
1848,WALNUT,436,358,477,1141,0,1,0,5,0,122,2
1849,WALS,489,216,268,510,329,1,1,54,0,77,1
1850,WAN,284,449,353,986,5,0,2,7,0,86,0
1851,WARN,122,364,297,713,2,1,1,10,0,54,2
1852,WARS,1862,550,737,1021,1576,3,12,107,0,420,10
1853,WASH1,727,343,490,738,612,3,9,22,0,175,1
1854,WASH2,760,252,377,570,667,1,4,11,0,134,2
1855,WASH4,777,655,599,1377,453,0,8,41,0,147,5
1856,WASHP,392,390,351,831,183,0,4,18,0,97,0
1857,WB,474,843,901,1924,8,3,12,17,1,243,10
1858,WBRK,376,759,375,1109,153,11,8,73,0,153,3
1859,WC,1484,1014,1680,3419,277,10,24,44,0,368,36
1860,WD,2164,261,1319,1984,945,9,33,130,0,432,211
1861,WDPD,292,679,507,1252,101,2,3,15,0,102,3
1862,WDS,395,14,75,460,4,0,0,3,0,14,3
1863,WDSD,494,239,337,561,387,6,2,13,1,99,1
1864,WE,561,412,536,1402,3,5,3,15,0,77,4
1865,WEB,845,461,692,1794,14,17,8,22,0,128,15
1866,WEL 3,1518,259,479,610,1447,13,9,15,0,160,2
1867,WEL1-2,1087,105,328,296,1108,3,5,8,0,98,2
1868,WEM,299,1227,450,1734,108,0,5,21,0,102,6
1869,WEST,2142,1138,1328,2361,1697,211,20,52,1,255,11
1870,WEST H,363,246,283,575,235,3,3,12,0,62,2
1871,WEST M,791,1450,1139,3006,127,0,19,38,0,181,9
1872,WH,4240,1360,2180,4209,2648,17,26,145,0,703,32
1873,WHCH,1030,681,1222,1201,52,1342,12,34,0,281,11
1874,WIHA,318,817,593,1456,91,6,5,8,0,157,5
1875,WILD,575,1510,1249,2783,188,8,13,30,0,294,18
1876,WILT,1339,2334,2287,4398,513,9,20,104,1,881,34
1877,WKWD,393,1028,883,2002,71,4,7,34,0,162,24
1878,WN,881,88,219,291,780,32,7,9,1,67,1
1879,WN04,1025,2026,1829,3452,614,13,25,199,0,489,88
1880,WND,596,1040,900,1920,331,13,8,59,0,196,9
1881,WO,79,114,107,272,1,4,1,1,0,20,1
1882,WO06,464,669,641,1516,80,2,7,35,0,131,3
1883,WOEL,903,218,317,573,728,7,5,33,0,90,2
1884,WOLF,412,536,596,1137,100,3,1,121,0,179,3
1885,WOPO,577,79,212,330,468,2,2,7,0,59,0
1886,WP32,818,2832,2155,4716,189,3,12,74,0,781,30
1887,WS,2097,2518,1887,4790,883,9,21,64,0,716,19
1888,WS-1,774,643,786,2016,38,2,4,19,0,114,10
1889,WS-2,596,495,621,1551,42,2,5,8,0,99,5
1890,WW,538,535,613,1539,13,5,3,12,0,109,5
1891,WW1,1622,225,1341,2005,365,12,56,67,0,536,147
1892,YANC,1104,356,657,1005,889,3,9,21,0,182,8
